file,line,type,commit,author,date,time,timezone,datetime,depth,length
style.css,1,css,d62164af,Dongting Cai,2025-11-07,10:38:00,-08:00,2025-11-07T10:38:00-08:00,0,4
style.css,2,css,d62164af,Dongting Cai,2025-11-07,10:38:00,-08:00,2025-11-07T10:38:00-08:00,1,43
style.css,3,css,d62164af,Dongting Cai,2025-11-07,10:38:00,-08:00,2025-11-07T10:38:00-08:00,0,42
style.css,4,css,d62164af,Dongting Cai,2025-11-07,10:38:00,-08:00,2025-11-07T10:38:00-08:00,0,0
style.css,5,css,d62164af,Dongting Cai,2025-11-07,10:38:00,-08:00,2025-11-07T10:38:00-08:00,1,23
style.css,6,css,d62164af,Dongting Cai,2025-11-07,10:38:00,-08:00,2025-11-07T10:38:00-08:00,0,0
style.css,7,css,d62164af,Dongting Cai,2025-11-07,10:38:00,-08:00,2025-11-07T10:38:00-08:00,0,0
style.css,8,css,d62164af,Dongting Cai,2025-11-07,10:38:00,-08:00,2025-11-07T10:38:00-08:00,0,31
style.css,9,css,d62164af,Dongting Cai,2025-11-07,10:38:00,-08:00,2025-11-07T10:38:00-08:00,0,44
style.css,10,css,d62164af,Dongting Cai,2025-11-07,10:38:00,-08:00,2025-11-07T10:38:00-08:00,0,32
style.css,11,css,d62164af,Dongting Cai,2025-11-07,10:38:00,-08:00,2025-11-07T10:38:00-08:00,0,0
style.css,12,css,d62164af,Dongting Cai,2025-11-07,10:38:00,-08:00,2025-11-07T10:38:00-08:00,0,4
style.css,13,css,d62164af,Dongting Cai,2025-11-07,10:38:00,-08:00,2025-11-07T10:38:00-08:00,1,58
style.css,14,css,d62164af,Dongting Cai,2025-11-07,10:38:00,-08:00,2025-11-07T10:38:00-08:00,0,0
style.css,15,css,d62164af,Dongting Cai,2025-11-07,10:38:00,-08:00,2025-11-07T10:38:00-08:00,0,0
style.css,16,css,d62164af,Dongting Cai,2025-11-07,10:38:00,-08:00,2025-11-07T10:38:00-08:00,0,4
style.css,17,css,d62164af,Dongting Cai,2025-11-07,10:38:00,-08:00,2025-11-07T10:38:00-08:00,1,51
style.css,18,css,d62164af,Dongting Cai,2025-11-07,10:38:00,-08:00,2025-11-07T10:38:00-08:00,1,49
style.css,19,css,d62164af,Dongting Cai,2025-11-07,10:38:00,-08:00,2025-11-07T10:38:00-08:00,1,63
style.css,20,css,d62164af,Dongting Cai,2025-11-07,10:38:00,-08:00,2025-11-07T10:38:00-08:00,0,0
style.css,21,css,d62164af,Dongting Cai,2025-11-07,10:38:00,-08:00,2025-11-07T10:38:00-08:00,0,0
style.css,22,css,d62164af,Dongting Cai,2025-11-07,10:38:00,-08:00,2025-11-07T10:38:00-08:00,0,57
style.css,23,css,d62164af,Dongting Cai,2025-11-07,10:38:00,-08:00,2025-11-07T10:38:00-08:00,0,23
style.css,24,css,d62164af,Dongting Cai,2025-11-07,10:38:00,-08:00,2025-11-07T10:38:00-08:00,1,14
style.css,25,css,d62164af,Dongting Cai,2025-11-07,10:38:00,-08:00,2025-11-07T10:38:00-08:00,1,11
style.css,26,css,d62164af,Dongting Cai,2025-11-07,10:38:00,-08:00,2025-11-07T10:38:00-08:00,1,52
style.css,27,css,d62164af,Dongting Cai,2025-11-07,10:38:00,-08:00,2025-11-07T10:38:00-08:00,0,0
style.css,28,css,d62164af,Dongting Cai,2025-11-07,10:38:00,-08:00,2025-11-07T10:38:00-08:00,0,0
style.css,29,css,d62164af,Dongting Cai,2025-11-07,10:38:00,-08:00,2025-11-07T10:38:00-08:00,0,34
style.css,30,css,d62164af,Dongting Cai,2025-11-07,10:38:00,-08:00,2025-11-07T10:38:00-08:00,0,5
style.css,31,css,d62164af,Dongting Cai,2025-11-07,10:38:00,-08:00,2025-11-07T10:38:00-08:00,1,51
style.css,32,css,d62164af,Dongting Cai,2025-11-07,10:38:00,-08:00,2025-11-07T10:38:00-08:00,1,56
style.css,33,css,d62164af,Dongting Cai,2025-11-07,10:38:00,-08:00,2025-11-07T10:38:00-08:00,1,65
style.css,34,css,d62164af,Dongting Cai,2025-11-07,10:38:00,-08:00,2025-11-07T10:38:00-08:00,0,0
style.css,35,css,d62164af,Dongting Cai,2025-11-07,10:38:00,-08:00,2025-11-07T10:38:00-08:00,0,0
style.css,36,css,d62164af,Dongting Cai,2025-11-07,10:38:00,-08:00,2025-11-07T10:38:00-08:00,0,3
style.css,37,css,d62164af,Dongting Cai,2025-11-07,10:38:00,-08:00,2025-11-07T10:38:00-08:00,2,57
style.css,38,css,d62164af,Dongting Cai,2025-11-07,10:38:00,-08:00,2025-11-07T10:38:00-08:00,2,54
style.css,39,css,d62164af,Dongting Cai,2025-11-07,10:38:00,-08:00,2025-11-07T10:38:00-08:00,2,35
style.css,40,css,d62164af,Dongting Cai,2025-11-07,10:38:00,-08:00,2025-11-07T10:38:00-08:00,2,17
style.css,41,css,d62164af,Dongting Cai,2025-11-07,10:38:00,-08:00,2025-11-07T10:38:00-08:00,2,16
style.css,42,css,d62164af,Dongting Cai,2025-11-07,10:38:00,-08:00,2025-11-07T10:38:00-08:00,0,0
style.css,43,css,d62164af,Dongting Cai,2025-11-07,10:38:00,-08:00,2025-11-07T10:38:00-08:00,0,0
style.css,44,css,d62164af,Dongting Cai,2025-11-07,10:38:00,-08:00,2025-11-07T10:38:00-08:00,0,5
style.css,45,css,d62164af,Dongting Cai,2025-11-07,10:38:00,-08:00,2025-11-07T10:38:00-08:00,2,52
style.css,46,css,d62164af,Dongting Cai,2025-11-07,10:38:00,-08:00,2025-11-07T10:38:00-08:00,2,48
style.css,47,css,d62164af,Dongting Cai,2025-11-07,10:38:00,-08:00,2025-11-07T10:38:00-08:00,2,51
style.css,48,css,d62164af,Dongting Cai,2025-11-07,10:38:00,-08:00,2025-11-07T10:38:00-08:00,2,54
style.css,49,css,d62164af,Dongting Cai,2025-11-07,10:38:00,-08:00,2025-11-07T10:38:00-08:00,2,58
style.css,50,css,d62164af,Dongting Cai,2025-11-07,10:38:00,-08:00,2025-11-07T10:38:00-08:00,2,71
style.css,51,css,d62164af,Dongting Cai,2025-11-07,10:38:00,-08:00,2025-11-07T10:38:00-08:00,0,0
style.css,52,css,d62164af,Dongting Cai,2025-11-07,10:38:00,-08:00,2025-11-07T10:38:00-08:00,0,0
style.css,53,css,d62164af,Dongting Cai,2025-11-07,10:38:00,-08:00,2025-11-07T10:38:00-08:00,0,12
style.css,54,css,d62164af,Dongting Cai,2025-11-07,10:38:00,-08:00,2025-11-07T10:38:00-08:00,0,26
style.css,55,css,d62164af,Dongting Cai,2025-11-07,10:38:00,-08:00,2025-11-07T10:38:00-08:00,1,31
style.css,56,css,d62164af,Dongting Cai,2025-11-07,10:38:00,-08:00,2025-11-07T10:38:00-08:00,1,63
style.css,57,css,d62164af,Dongting Cai,2025-11-07,10:38:00,-08:00,2025-11-07T10:38:00-08:00,0,0
style.css,58,css,d62164af,Dongting Cai,2025-11-07,10:38:00,-08:00,2025-11-07T10:38:00-08:00,0,0
style.css,59,css,d62164af,Dongting Cai,2025-11-07,10:38:00,-08:00,2025-11-07T10:38:00-08:00,0,11
style.css,60,css,d62164af,Dongting Cai,2025-11-07,10:38:00,-08:00,2025-11-07T10:38:00-08:00,1,33
style.css,61,css,d62164af,Dongting Cai,2025-11-07,10:38:00,-08:00,2025-11-07T10:38:00-08:00,1,61
style.css,62,css,d62164af,Dongting Cai,2025-11-07,10:38:00,-08:00,2025-11-07T10:38:00-08:00,0,0
style.css,63,css,d62164af,Dongting Cai,2025-11-07,10:38:00,-08:00,2025-11-07T10:38:00-08:00,0,0
style.css,64,css,d62164af,Dongting Cai,2025-11-07,10:38:00,-08:00,2025-11-07T10:38:00-08:00,0,0
style.css,65,css,d62164af,Dongting Cai,2025-11-07,10:38:00,-08:00,2025-11-07T10:38:00-08:00,0,56
style.css,66,css,d62164af,Dongting Cai,2025-11-07,10:38:00,-08:00,2025-11-07T10:38:00-08:00,0,4
style.css,67,css,d62164af,Dongting Cai,2025-11-07,10:38:00,-08:00,2025-11-07T10:38:00-08:00,1,12
style.css,68,css,d62164af,Dongting Cai,2025-11-07,10:38:00,-08:00,2025-11-07T10:38:00-08:00,1,65
style.css,69,css,d62164af,Dongting Cai,2025-11-07,10:38:00,-08:00,2025-11-07T10:38:00-08:00,1,53
style.css,70,css,d62164af,Dongting Cai,2025-11-07,10:38:00,-08:00,2025-11-07T10:38:00-08:00,1,18
style.css,71,css,d62164af,Dongting Cai,2025-11-07,10:38:00,-08:00,2025-11-07T10:38:00-08:00,0,0
style.css,72,css,d62164af,Dongting Cai,2025-11-07,10:38:00,-08:00,2025-11-07T10:38:00-08:00,0,0
style.css,73,css,d62164af,Dongting Cai,2025-11-07,10:38:00,-08:00,2025-11-07T10:38:00-08:00,0,10
style.css,74,css,d62164af,Dongting Cai,2025-11-07,10:38:00,-08:00,2025-11-07T10:38:00-08:00,1,69
style.css,75,css,d62164af,Dongting Cai,2025-11-07,10:38:00,-08:00,2025-11-07T10:38:00-08:00,1,12
style.css,76,css,d62164af,Dongting Cai,2025-11-07,10:38:00,-08:00,2025-11-07T10:38:00-08:00,1,67
style.css,77,css,d62164af,Dongting Cai,2025-11-07,10:38:00,-08:00,2025-11-07T10:38:00-08:00,1,67
style.css,78,css,d62164af,Dongting Cai,2025-11-07,10:38:00,-08:00,2025-11-07T10:38:00-08:00,1,9
style.css,79,css,d62164af,Dongting Cai,2025-11-07,10:38:00,-08:00,2025-11-07T10:38:00-08:00,0,0
style.css,80,css,d62164af,Dongting Cai,2025-11-07,10:38:00,-08:00,2025-11-07T10:38:00-08:00,0,0
style.css,81,css,d62164af,Dongting Cai,2025-11-07,10:38:00,-08:00,2025-11-07T10:38:00-08:00,0,15
style.css,82,css,d62164af,Dongting Cai,2025-11-07,10:38:00,-08:00,2025-11-07T10:38:00-08:00,1,60
style.css,83,css,d62164af,Dongting Cai,2025-11-07,10:38:00,-08:00,2025-11-07T10:38:00-08:00,1,17
style.css,84,css,d62164af,Dongting Cai,2025-11-07,10:38:00,-08:00,2025-11-07T10:38:00-08:00,0,0
style.css,85,css,d62164af,Dongting Cai,2025-11-07,10:38:00,-08:00,2025-11-07T10:38:00-08:00,0,0
style.css,86,css,d62164af,Dongting Cai,2025-11-07,10:38:00,-08:00,2025-11-07T10:38:00-08:00,0,9
style.css,87,css,d62164af,Dongting Cai,2025-11-07,10:38:00,-08:00,2025-11-07T10:38:00-08:00,0,12
style.css,88,css,d62164af,Dongting Cai,2025-11-07,10:38:00,-08:00,2025-11-07T10:38:00-08:00,0,11
style.css,89,css,d62164af,Dongting Cai,2025-11-07,10:38:00,-08:00,2025-11-07T10:38:00-08:00,1,59
style.css,90,css,d62164af,Dongting Cai,2025-11-07,10:38:00,-08:00,2025-11-07T10:38:00-08:00,0,0
style.css,91,css,d62164af,Dongting Cai,2025-11-07,10:38:00,-08:00,2025-11-07T10:38:00-08:00,0,0
style.css,92,css,d62164af,Dongting Cai,2025-11-07,10:38:00,-08:00,2025-11-07T10:38:00-08:00,0,9
style.css,93,css,d62164af,Dongting Cai,2025-11-07,10:38:00,-08:00,2025-11-07T10:38:00-08:00,0,13
style.css,94,css,d62164af,Dongting Cai,2025-11-07,10:38:00,-08:00,2025-11-07T10:38:00-08:00,1,59
style.css,95,css,d62164af,Dongting Cai,2025-11-07,10:38:00,-08:00,2025-11-07T10:38:00-08:00,1,10
style.css,96,css,d62164af,Dongting Cai,2025-11-07,10:38:00,-08:00,2025-11-07T10:38:00-08:00,1,21
style.css,97,css,d62164af,Dongting Cai,2025-11-07,10:38:00,-08:00,2025-11-07T10:38:00-08:00,1,19
style.css,98,css,d62164af,Dongting Cai,2025-11-07,10:38:00,-08:00,2025-11-07T10:38:00-08:00,1,42
style.css,99,css,d62164af,Dongting Cai,2025-11-07,10:38:00,-08:00,2025-11-07T10:38:00-08:00,1,20
style.css,100,css,d62164af,Dongting Cai,2025-11-07,10:38:00,-08:00,2025-11-07T10:38:00-08:00,0,0
style.css,101,css,d62164af,Dongting Cai,2025-11-07,10:38:00,-08:00,2025-11-07T10:38:00-08:00,0,0
style.css,102,css,d62164af,Dongting Cai,2025-11-07,10:38:00,-08:00,2025-11-07T10:38:00-08:00,0,33
style.css,103,css,d62164af,Dongting Cai,2025-11-07,10:38:00,-08:00,2025-11-07T10:38:00-08:00,0,0
style.css,104,css,d62164af,Dongting Cai,2025-11-07,10:38:00,-08:00,2025-11-07T10:38:00-08:00,0,11
style.css,105,css,d62164af,Dongting Cai,2025-11-07,10:38:00,-08:00,2025-11-07T10:38:00-08:00,1,63
style.css,106,css,d62164af,Dongting Cai,2025-11-07,10:38:00,-08:00,2025-11-07T10:38:00-08:00,1,18
style.css,107,css,d62164af,Dongting Cai,2025-11-07,10:38:00,-08:00,2025-11-07T10:38:00-08:00,1,19
style.css,108,css,d62164af,Dongting Cai,2025-11-07,10:38:00,-08:00,2025-11-07T10:38:00-08:00,1,36
style.css,109,css,d62164af,Dongting Cai,2025-11-07,10:38:00,-08:00,2025-11-07T10:38:00-08:00,1,20
style.css,110,css,d62164af,Dongting Cai,2025-11-07,10:38:00,-08:00,2025-11-07T10:38:00-08:00,1,16
style.css,111,css,d62164af,Dongting Cai,2025-11-07,10:38:00,-08:00,2025-11-07T10:38:00-08:00,1,14
style.css,112,css,d62164af,Dongting Cai,2025-11-07,10:38:00,-08:00,2025-11-07T10:38:00-08:00,1,26
style.css,113,css,d62164af,Dongting Cai,2025-11-07,10:38:00,-08:00,2025-11-07T10:38:00-08:00,0,0
style.css,114,css,d62164af,Dongting Cai,2025-11-07,10:38:00,-08:00,2025-11-07T10:38:00-08:00,0,0
style.css,115,css,d62164af,Dongting Cai,2025-11-07,10:38:00,-08:00,2025-11-07T10:38:00-08:00,0,79
style.css,116,css,d62164af,Dongting Cai,2025-11-07,10:38:00,-08:00,2025-11-07T10:38:00-08:00,0,0
style.css,117,css,d62164af,Dongting Cai,2025-11-07,10:38:00,-08:00,2025-11-07T10:38:00-08:00,0,33
style.css,118,css,d62164af,Dongting Cai,2025-11-07,10:38:00,-08:00,2025-11-07T10:38:00-08:00,0,9
style.css,119,css,d62164af,Dongting Cai,2025-11-07,10:38:00,-08:00,2025-11-07T10:38:00-08:00,1,12
style.css,120,css,d62164af,Dongting Cai,2025-11-07,10:38:00,-08:00,2025-11-07T10:38:00-08:00,1,58
style.css,121,css,d62164af,Dongting Cai,2025-11-07,10:38:00,-08:00,2025-11-07T10:38:00-08:00,1,8
style.css,122,css,d62164af,Dongting Cai,2025-11-07,10:38:00,-08:00,2025-11-07T10:38:00-08:00,0,0
style.css,123,css,d62164af,Dongting Cai,2025-11-07,10:38:00,-08:00,2025-11-07T10:38:00-08:00,0,0
style.css,124,css,d62164af,Dongting Cai,2025-11-07,10:38:00,-08:00,2025-11-07T10:38:00-08:00,0,56
style.css,125,css,d62164af,Dongting Cai,2025-11-07,10:38:00,-08:00,2025-11-07T10:38:00-08:00,0,19
style.css,126,css,d62164af,Dongting Cai,2025-11-07,10:38:00,-08:00,2025-11-07T10:38:00-08:00,1,12
style.css,127,css,d62164af,Dongting Cai,2025-11-07,10:38:00,-08:00,2025-11-07T10:38:00-08:00,1,73
style.css,128,css,d62164af,Dongting Cai,2025-11-07,10:38:00,-08:00,2025-11-07T10:38:00-08:00,1,64
style.css,129,css,d62164af,Dongting Cai,2025-11-07,10:38:00,-08:00,2025-11-07T10:38:00-08:00,1,9
style.css,130,css,d62164af,Dongting Cai,2025-11-07,10:38:00,-08:00,2025-11-07T10:38:00-08:00,0,0
style.css,131,css,d62164af,Dongting Cai,2025-11-07,10:38:00,-08:00,2025-11-07T10:38:00-08:00,0,0
style.css,132,css,d62164af,Dongting Cai,2025-11-07,10:38:00,-08:00,2025-11-07T10:38:00-08:00,0,43
style.css,133,css,d62164af,Dongting Cai,2025-11-07,10:38:00,-08:00,2025-11-07T10:38:00-08:00,0,58
style.css,134,css,d62164af,Dongting Cai,2025-11-07,10:38:00,-08:00,2025-11-07T10:38:00-08:00,0,0
style.css,135,css,d62164af,Dongting Cai,2025-11-07,10:38:00,-08:00,2025-11-07T10:38:00-08:00,0,0
style.css,136,css,d62164af,Dongting Cai,2025-11-07,10:38:00,-08:00,2025-11-07T10:38:00-08:00,0,38
style.css,137,css,d62164af,Dongting Cai,2025-11-07,10:38:00,-08:00,2025-11-07T10:38:00-08:00,0,0
style.css,138,css,d62164af,Dongting Cai,2025-11-07,10:38:00,-08:00,2025-11-07T10:38:00-08:00,0,17
style.css,139,css,d62164af,Dongting Cai,2025-11-07,10:38:00,-08:00,2025-11-07T10:38:00-08:00,0,3
style.css,140,css,d62164af,Dongting Cai,2025-11-07,10:38:00,-08:00,2025-11-07T10:38:00-08:00,1,12
style.css,141,css,d62164af,Dongting Cai,2025-11-07,10:38:00,-08:00,2025-11-07T10:38:00-08:00,1,11
style.css,142,css,d62164af,Dongting Cai,2025-11-07,10:38:00,-08:00,2025-11-07T10:38:00-08:00,0,0
style.css,143,css,d62164af,Dongting Cai,2025-11-07,10:38:00,-08:00,2025-11-07T10:38:00-08:00,0,11
style.css,144,css,d62164af,Dongting Cai,2025-11-07,10:38:00,-08:00,2025-11-07T10:38:00-08:00,1,12
style.css,145,css,d62164af,Dongting Cai,2025-11-07,10:38:00,-08:00,2025-11-07T10:38:00-08:00,1,9
style.css,146,css,d62164af,Dongting Cai,2025-11-07,10:38:00,-08:00,2025-11-07T10:38:00-08:00,0,0
style.css,147,css,d62164af,Dongting Cai,2025-11-07,10:38:00,-08:00,2025-11-07T10:38:00-08:00,0,0
style.css,148,css,d62164af,Dongting Cai,2025-11-07,10:38:00,-08:00,2025-11-07T10:38:00-08:00,0,12
style.css,149,css,d62164af,Dongting Cai,2025-11-07,10:38:00,-08:00,2025-11-07T10:38:00-08:00,0,6
style.css,150,css,d62164af,Dongting Cai,2025-11-07,10:38:00,-08:00,2025-11-07T10:38:00-08:00,1,49
style.css,151,css,d62164af,Dongting Cai,2025-11-07,10:38:00,-08:00,2025-11-07T10:38:00-08:00,1,21
style.css,152,css,d62164af,Dongting Cai,2025-11-07,10:38:00,-08:00,2025-11-07T10:38:00-08:00,1,8
style.css,153,css,d62164af,Dongting Cai,2025-11-07,10:38:00,-08:00,2025-11-07T10:38:00-08:00,0,0
style.css,154,css,d62164af,Dongting Cai,2025-11-07,10:38:00,-08:00,2025-11-07T10:38:00-08:00,0,6
style.css,155,css,d62164af,Dongting Cai,2025-11-07,10:38:00,-08:00,2025-11-07T10:38:00-08:00,1,8
style.css,156,css,d62164af,Dongting Cai,2025-11-07,10:38:00,-08:00,2025-11-07T10:38:00-08:00,1,16
style.css,157,css,d62164af,Dongting Cai,2025-11-07,10:38:00,-08:00,2025-11-07T10:38:00-08:00,0,0
style.css,158,css,d62164af,Dongting Cai,2025-11-07,10:38:00,-08:00,2025-11-07T10:38:00-08:00,0,0
style.css,159,css,d62164af,Dongting Cai,2025-11-07,10:38:00,-08:00,2025-11-07T10:38:00-08:00,0,35
style.css,160,css,d62164af,Dongting Cai,2025-11-07,10:38:00,-08:00,2025-11-07T10:38:00-08:00,0,29
style.css,161,css,d62164af,Dongting Cai,2025-11-07,10:38:00,-08:00,2025-11-07T10:38:00-08:00,1,19
style.css,162,css,d62164af,Dongting Cai,2025-11-07,10:38:00,-08:00,2025-11-07T10:38:00-08:00,1,27
style.css,163,css,d62164af,Dongting Cai,2025-11-07,10:38:00,-08:00,2025-11-07T10:38:00-08:00,1,16
style.css,164,css,d62164af,Dongting Cai,2025-11-07,10:38:00,-08:00,2025-11-07T10:38:00-08:00,0,0
style.css,165,css,d62164af,Dongting Cai,2025-11-07,10:38:00,-08:00,2025-11-07T10:38:00-08:00,0,0
style.css,166,css,d62164af,Dongting Cai,2025-11-07,10:38:00,-08:00,2025-11-07T10:38:00-08:00,0,9
style.css,167,css,d62164af,Dongting Cai,2025-11-07,10:38:00,-08:00,2025-11-07T10:38:00-08:00,0,6
style.css,168,css,d62164af,Dongting Cai,2025-11-07,10:38:00,-08:00,2025-11-07T10:38:00-08:00,1,20
style.css,169,css,d62164af,Dongting Cai,2025-11-07,10:38:00,-08:00,2025-11-07T10:38:00-08:00,0,0
style.css,170,css,d62164af,Dongting Cai,2025-11-07,10:38:00,-08:00,2025-11-07T10:38:00-08:00,0,9
style.css,171,css,d62164af,Dongting Cai,2025-11-07,10:38:00,-08:00,2025-11-07T10:38:00-08:00,1,12
style.css,172,css,d62164af,Dongting Cai,2025-11-07,10:38:00,-08:00,2025-11-07T10:38:00-08:00,1,14
style.css,173,css,d62164af,Dongting Cai,2025-11-07,10:38:00,-08:00,2025-11-07T10:38:00-08:00,1,15
style.css,174,css,d62164af,Dongting Cai,2025-11-07,10:38:00,-08:00,2025-11-07T10:38:00-08:00,1,15
style.css,175,css,d62164af,Dongting Cai,2025-11-07,10:38:00,-08:00,2025-11-07T10:38:00-08:00,1,8
style.css,176,css,d62164af,Dongting Cai,2025-11-07,10:38:00,-08:00,2025-11-07T10:38:00-08:00,1,9
style.css,177,css,d62164af,Dongting Cai,2025-11-07,10:38:00,-08:00,2025-11-07T10:38:00-08:00,0,0
style.css,178,css,d62164af,Dongting Cai,2025-11-07,10:38:00,-08:00,2025-11-07T10:38:00-08:00,0,12
style.css,179,css,d62164af,Dongting Cai,2025-11-07,10:38:00,-08:00,2025-11-07T10:38:00-08:00,1,42
style.css,180,css,d62164af,Dongting Cai,2025-11-07,10:38:00,-08:00,2025-11-07T10:38:00-08:00,1,19
style.css,181,css,d62164af,Dongting Cai,2025-11-07,10:38:00,-08:00,2025-11-07T10:38:00-08:00,1,19
style.css,182,css,d62164af,Dongting Cai,2025-11-07,10:38:00,-08:00,2025-11-07T10:38:00-08:00,1,15
style.css,183,css,d62164af,Dongting Cai,2025-11-07,10:38:00,-08:00,2025-11-07T10:38:00-08:00,0,0
style.css,184,css,d62164af,Dongting Cai,2025-11-07,10:38:00,-08:00,2025-11-07T10:38:00-08:00,0,0
style.css,185,css,d62164af,Dongting Cai,2025-11-07,10:38:00,-08:00,2025-11-07T10:38:00-08:00,0,44
style.css,186,css,d62164af,Dongting Cai,2025-11-07,10:38:00,-08:00,2025-11-07T10:38:00-08:00,0,21
style.css,187,css,d62164af,Dongting Cai,2025-11-07,10:38:00,-08:00,2025-11-07T10:38:00-08:00,1,17
style.css,188,css,d62164af,Dongting Cai,2025-11-07,10:38:00,-08:00,2025-11-07T10:38:00-08:00,0,0
style.css,189,css,d62164af,Dongting Cai,2025-11-07,10:38:00,-08:00,2025-11-07T10:38:00-08:00,0,0
style.css,190,css,d62164af,Dongting Cai,2025-11-07,10:38:00,-08:00,2025-11-07T10:38:00-08:00,0,45
style.css,191,css,d62164af,Dongting Cai,2025-11-07,10:38:00,-08:00,2025-11-07T10:38:00-08:00,0,12
style.css,192,css,d62164af,Dongting Cai,2025-11-07,10:38:00,-08:00,2025-11-07T10:38:00-08:00,1,20
style.css,193,css,d62164af,Dongting Cai,2025-11-07,10:38:00,-08:00,2025-11-07T10:38:00-08:00,1,42
style.css,194,css,d62164af,Dongting Cai,2025-11-07,10:38:00,-08:00,2025-11-07T10:38:00-08:00,1,25
style.css,195,css,d62164af,Dongting Cai,2025-11-07,10:38:00,-08:00,2025-11-07T10:38:00-08:00,1,31
style.css,196,css,d62164af,Dongting Cai,2025-11-07,10:38:00,-08:00,2025-11-07T10:38:00-08:00,0,0
style.css,197,css,d62164af,Dongting Cai,2025-11-07,10:38:00,-08:00,2025-11-07T10:38:00-08:00,0,0
style.css,198,css,d62164af,Dongting Cai,2025-11-07,10:38:00,-08:00,2025-11-07T10:38:00-08:00,0,19
style.css,199,css,d62164af,Dongting Cai,2025-11-07,10:38:00,-08:00,2025-11-07T10:38:00-08:00,0,12
style.css,200,css,d62164af,Dongting Cai,2025-11-07,10:38:00,-08:00,2025-11-07T10:38:00-08:00,1,12
style.css,201,css,d62164af,Dongting Cai,2025-11-07,10:38:00,-08:00,2025-11-07T10:38:00-08:00,1,8
style.css,202,css,d62164af,Dongting Cai,2025-11-07,10:38:00,-08:00,2025-11-07T10:38:00-08:00,1,69
style.css,203,css,d62164af,Dongting Cai,2025-11-07,10:38:00,-08:00,2025-11-07T10:38:00-08:00,1,17
style.css,204,css,d62164af,Dongting Cai,2025-11-07,10:38:00,-08:00,2025-11-07T10:38:00-08:00,0,0
style.css,205,css,d62164af,Dongting Cai,2025-11-07,10:38:00,-08:00,2025-11-07T10:38:00-08:00,0,0
style.css,206,css,d62164af,Dongting Cai,2025-11-07,10:38:00,-08:00,2025-11-07T10:38:00-08:00,0,10
style.css,207,css,d62164af,Dongting Cai,2025-11-07,10:38:00,-08:00,2025-11-07T10:38:00-08:00,1,34
style.css,208,css,d62164af,Dongting Cai,2025-11-07,10:38:00,-08:00,2025-11-07T10:38:00-08:00,1,18
style.css,209,css,d62164af,Dongting Cai,2025-11-07,10:38:00,-08:00,2025-11-07T10:38:00-08:00,1,12
style.css,210,css,d62164af,Dongting Cai,2025-11-07,10:38:00,-08:00,2025-11-07T10:38:00-08:00,1,30
style.css,211,css,d62164af,Dongting Cai,2025-11-07,10:38:00,-08:00,2025-11-07T10:38:00-08:00,1,36
style.css,212,css,d62164af,Dongting Cai,2025-11-07,10:38:00,-08:00,2025-11-07T10:38:00-08:00,0,0
style.css,213,css,d62164af,Dongting Cai,2025-11-07,10:38:00,-08:00,2025-11-07T10:38:00-08:00,0,0
style.css,214,css,d62164af,Dongting Cai,2025-11-07,10:38:00,-08:00,2025-11-07T10:38:00-08:00,0,13
style.css,215,css,d62164af,Dongting Cai,2025-11-07,10:38:00,-08:00,2025-11-07T10:38:00-08:00,1,19
style.css,216,css,d62164af,Dongting Cai,2025-11-07,10:38:00,-08:00,2025-11-07T10:38:00-08:00,1,17
style.css,217,css,d62164af,Dongting Cai,2025-11-07,10:38:00,-08:00,2025-11-07T10:38:00-08:00,0,0
style.css,218,css,d62164af,Dongting Cai,2025-11-07,10:38:00,-08:00,2025-11-07T10:38:00-08:00,0,0
style.css,219,css,d62164af,Dongting Cai,2025-11-07,10:38:00,-08:00,2025-11-07T10:38:00-08:00,0,12
style.css,220,css,d62164af,Dongting Cai,2025-11-07,10:38:00,-08:00,2025-11-07T10:38:00-08:00,1,20
style.css,221,css,d62164af,Dongting Cai,2025-11-07,10:38:00,-08:00,2025-11-07T10:38:00-08:00,1,24
style.css,222,css,d62164af,Dongting Cai,2025-11-07,10:38:00,-08:00,2025-11-07T10:38:00-08:00,0,0
style.css,223,css,d62164af,Dongting Cai,2025-11-07,10:38:00,-08:00,2025-11-07T10:38:00-08:00,0,0
style.css,224,css,d62164af,Dongting Cai,2025-11-07,10:38:00,-08:00,2025-11-07T10:38:00-08:00,0,10
style.css,225,css,d62164af,Dongting Cai,2025-11-07,10:38:00,-08:00,2025-11-07T10:38:00-08:00,1,12
style.css,226,css,d62164af,Dongting Cai,2025-11-07,10:38:00,-08:00,2025-11-07T10:38:00-08:00,1,14
style.css,227,css,d62164af,Dongting Cai,2025-11-07,10:38:00,-08:00,2025-11-07T10:38:00-08:00,1,11
style.css,228,css,d62164af,Dongting Cai,2025-11-07,10:38:00,-08:00,2025-11-07T10:38:00-08:00,1,9
style.css,229,css,d62164af,Dongting Cai,2025-11-07,10:38:00,-08:00,2025-11-07T10:38:00-08:00,1,8
style.css,230,css,d62164af,Dongting Cai,2025-11-07,10:38:00,-08:00,2025-11-07T10:38:00-08:00,1,15
style.css,231,css,d62164af,Dongting Cai,2025-11-07,10:38:00,-08:00,2025-11-07T10:38:00-08:00,1,16
style.css,232,css,d62164af,Dongting Cai,2025-11-07,10:38:00,-08:00,2025-11-07T10:38:00-08:00,1,11
style.css,233,css,d62164af,Dongting Cai,2025-11-07,10:38:00,-08:00,2025-11-07T10:38:00-08:00,0,0
style.css,234,css,d62164af,Dongting Cai,2025-11-07,10:38:00,-08:00,2025-11-07T10:38:00-08:00,0,0
style.css,235,css,d62164af,Dongting Cai,2025-11-07,10:38:00,-08:00,2025-11-07T10:38:00-08:00,0,17
style.css,236,css,d62164af,Dongting Cai,2025-11-07,10:38:00,-08:00,2025-11-07T10:38:00-08:00,1,12
style.css,237,css,d62164af,Dongting Cai,2025-11-07,10:38:00,-08:00,2025-11-07T10:38:00-08:00,1,36
style.css,238,css,d62164af,Dongting Cai,2025-11-07,10:38:00,-08:00,2025-11-07T10:38:00-08:00,1,14
style.css,239,css,d62164af,Dongting Cai,2025-11-07,10:38:00,-08:00,2025-11-07T10:38:00-08:00,0,0
style.css,240,css,d62164af,Dongting Cai,2025-11-07,10:38:00,-08:00,2025-11-07T10:38:00-08:00,0,50
style.css,241,css,d62164af,Dongting Cai,2025-11-07,10:38:00,-08:00,2025-11-07T10:38:00-08:00,0,43
style.css,242,css,d62164af,Dongting Cai,2025-11-07,10:38:00,-08:00,2025-11-07T10:38:00-08:00,0,0
style.css,243,css,d62164af,Dongting Cai,2025-11-07,10:38:00,-08:00,2025-11-07T10:38:00-08:00,0,38
style.css,244,css,d62164af,Dongting Cai,2025-11-07,10:38:00,-08:00,2025-11-07T10:38:00-08:00,0,12
style.css,245,css,d62164af,Dongting Cai,2025-11-07,10:38:00,-08:00,2025-11-07T10:38:00-08:00,1,12
style.css,246,css,d62164af,Dongting Cai,2025-11-07,10:38:00,-08:00,2025-11-07T10:38:00-08:00,1,8
style.css,247,css,d62164af,Dongting Cai,2025-11-07,10:38:00,-08:00,2025-11-07T10:38:00-08:00,1,58
style.css,248,css,d62164af,Dongting Cai,2025-11-07,10:38:00,-08:00,2025-11-07T10:38:00-08:00,0,0
style.css,249,css,d62164af,Dongting Cai,2025-11-07,10:38:00,-08:00,2025-11-07T10:38:00-08:00,0,10
style.css,250,css,d62164af,Dongting Cai,2025-11-07,10:38:00,-08:00,2025-11-07T10:38:00-08:00,1,37
style.css,251,css,d62164af,Dongting Cai,2025-11-07,10:38:00,-08:00,2025-11-07T10:38:00-08:00,1,18
style.css,252,css,d62164af,Dongting Cai,2025-11-07,10:38:00,-08:00,2025-11-07T10:38:00-08:00,1,12
style.css,253,css,d62164af,Dongting Cai,2025-11-07,10:38:00,-08:00,2025-11-07T10:38:00-08:00,1,64
style.css,254,css,d62164af,Dongting Cai,2025-11-07,10:38:00,-08:00,2025-11-07T10:38:00-08:00,1,37
style.css,255,css,d62164af,Dongting Cai,2025-11-07,10:38:00,-08:00,2025-11-07T10:38:00-08:00,0,0
style.css,256,css,d62164af,Dongting Cai,2025-11-07,10:38:00,-08:00,2025-11-07T10:38:00-08:00,0,54
style.css,257,css,d62164af,Dongting Cai,2025-11-07,10:38:00,-08:00,2025-11-07T10:38:00-08:00,0,47
style.css,258,css,d62164af,Dongting Cai,2025-11-07,10:38:00,-08:00,2025-11-07T10:38:00-08:00,0,10
style.css,259,css,d62164af,Dongting Cai,2025-11-07,10:38:00,-08:00,2025-11-07T10:38:00-08:00,1,65
style.css,260,css,d62164af,Dongting Cai,2025-11-07,10:38:00,-08:00,2025-11-07T10:38:00-08:00,1,28
style.css,261,css,d62164af,Dongting Cai,2025-11-07,10:38:00,-08:00,2025-11-07T10:38:00-08:00,0,0
style.css,262,css,d62164af,Dongting Cai,2025-11-07,10:38:00,-08:00,2025-11-07T10:38:00-08:00,0,0
style.css,263,css,d62164af,Dongting Cai,2025-11-07,10:38:00,-08:00,2025-11-07T10:38:00-08:00,0,32
style.css,264,css,d62164af,Dongting Cai,2025-11-07,10:38:00,-08:00,2025-11-07T10:38:00-08:00,0,17
style.css,265,css,d62164af,Dongting Cai,2025-11-07,10:38:00,-08:00,2025-11-07T10:38:00-08:00,1,30
style.css,266,css,d62164af,Dongting Cai,2025-11-07,10:38:00,-08:00,2025-11-07T10:38:00-08:00,1,50
style.css,267,css,d62164af,Dongting Cai,2025-11-07,10:38:00,-08:00,2025-11-07T10:38:00-08:00,0,0
style.css,268,css,d62164af,Dongting Cai,2025-11-07,10:38:00,-08:00,2025-11-07T10:38:00-08:00,0,51
style.css,269,css,d62164af,Dongting Cai,2025-11-07,10:38:00,-08:00,2025-11-07T10:38:00-08:00,0,39
style.css,270,css,d62164af,Dongting Cai,2025-11-07,10:38:00,-08:00,2025-11-07T10:38:00-08:00,0,25
style.css,271,css,d62164af,Dongting Cai,2025-11-07,10:38:00,-08:00,2025-11-07T10:38:00-08:00,1,58
style.css,272,css,d62164af,Dongting Cai,2025-11-07,10:38:00,-08:00,2025-11-07T10:38:00-08:00,0,0
style.css,273,css,d62164af,Dongting Cai,2025-11-07,10:38:00,-08:00,2025-11-07T10:38:00-08:00,0,0
style.css,274,css,d62164af,Dongting Cai,2025-11-07,10:38:00,-08:00,2025-11-07T10:38:00-08:00,0,36
style.css,275,css,d62164af,Dongting Cai,2025-11-07,10:38:00,-08:00,2025-11-07T10:38:00-08:00,0,18
style.css,276,css,d62164af,Dongting Cai,2025-11-07,10:38:00,-08:00,2025-11-07T10:38:00-08:00,1,15
style.css,277,css,d62164af,Dongting Cai,2025-11-07,10:38:00,-08:00,2025-11-07T10:38:00-08:00,1,17
style.css,278,css,d62164af,Dongting Cai,2025-11-07,10:38:00,-08:00,2025-11-07T10:38:00-08:00,1,49
style.css,279,css,d62164af,Dongting Cai,2025-11-07,10:38:00,-08:00,2025-11-07T10:38:00-08:00,0,0
style.css,280,css,d62164af,Dongting Cai,2025-11-07,10:38:00,-08:00,2025-11-07T10:38:00-08:00,0,0
style.css,281,css,d62164af,Dongting Cai,2025-11-07,10:38:00,-08:00,2025-11-07T10:38:00-08:00,0,43
style.css,282,css,d62164af,Dongting Cai,2025-11-07,10:38:00,-08:00,2025-11-07T10:38:00-08:00,0,7
style.css,283,css,d62164af,Dongting Cai,2025-11-07,10:38:00,-08:00,2025-11-07T10:38:00-08:00,1,15
style.css,284,css,d62164af,Dongting Cai,2025-11-07,10:38:00,-08:00,2025-11-07T10:38:00-08:00,1,8
style.css,285,css,d62164af,Dongting Cai,2025-11-07,10:38:00,-08:00,2025-11-07T10:38:00-08:00,1,15
style.css,286,css,d62164af,Dongting Cai,2025-11-07,10:38:00,-08:00,2025-11-07T10:38:00-08:00,1,36
style.css,287,css,d62164af,Dongting Cai,2025-11-07,10:38:00,-08:00,2025-11-07T10:38:00-08:00,1,12
style.css,288,css,d62164af,Dongting Cai,2025-11-07,10:38:00,-08:00,2025-11-07T10:38:00-08:00,1,57
style.css,289,css,d62164af,Dongting Cai,2025-11-07,10:38:00,-08:00,2025-11-07T10:38:00-08:00,1,31
style.css,290,css,d62164af,Dongting Cai,2025-11-07,10:38:00,-08:00,2025-11-07T10:38:00-08:00,0,0
style.css,291,css,d62164af,Dongting Cai,2025-11-07,10:38:00,-08:00,2025-11-07T10:38:00-08:00,0,0
style.css,292,css,d62164af,Dongting Cai,2025-11-07,10:38:00,-08:00,2025-11-07T10:38:00-08:00,0,10
style.css,293,css,d62164af,Dongting Cai,2025-11-07,10:38:00,-08:00,2025-11-07T10:38:00-08:00,1,61
style.css,294,css,d62164af,Dongting Cai,2025-11-07,10:38:00,-08:00,2025-11-07T10:38:00-08:00,1,18
style.css,295,css,d62164af,Dongting Cai,2025-11-07,10:38:00,-08:00,2025-11-07T10:38:00-08:00,1,73
style.css,296,css,d62164af,Dongting Cai,2025-11-07,10:38:00,-08:00,2025-11-07T10:38:00-08:00,0,0
style.css,297,css,d62164af,Dongting Cai,2025-11-07,10:38:00,-08:00,2025-11-07T10:38:00-08:00,0,0
style.css,298,css,d62164af,Dongting Cai,2025-11-07,10:38:00,-08:00,2025-11-07T10:38:00-08:00,0,15
style.css,299,css,d62164af,Dongting Cai,2025-11-07,10:38:00,-08:00,2025-11-07T10:38:00-08:00,1,48
style.css,300,css,d62164af,Dongting Cai,2025-11-07,10:38:00,-08:00,2025-11-07T10:38:00-08:00,1,11
style.css,301,css,d62164af,Dongting Cai,2025-11-07,10:38:00,-08:00,2025-11-07T10:38:00-08:00,1,36
style.css,302,css,d62164af,Dongting Cai,2025-11-07,10:38:00,-08:00,2025-11-07T10:38:00-08:00,1,58
style.css,303,css,d62164af,Dongting Cai,2025-11-07,10:38:00,-08:00,2025-11-07T10:38:00-08:00,1,19
style.css,304,css,d62164af,Dongting Cai,2025-11-07,10:38:00,-08:00,2025-11-07T10:38:00-08:00,0,0
style.css,305,css,d62164af,Dongting Cai,2025-11-07,10:38:00,-08:00,2025-11-07T10:38:00-08:00,0,0
style.css,306,css,d62164af,Dongting Cai,2025-11-07,10:38:00,-08:00,2025-11-07T10:38:00-08:00,0,54
style.css,307,css,d62164af,Dongting Cai,2025-11-07,10:38:00,-08:00,2025-11-07T10:38:00-08:00,0,9
style.css,308,css,d62164af,Dongting Cai,2025-11-07,10:38:00,-08:00,2025-11-07T10:38:00-08:00,1,12
style.css,309,css,d62164af,Dongting Cai,2025-11-07,10:38:00,-08:00,2025-11-07T10:38:00-08:00,1,11
style.css,310,css,d62164af,Dongting Cai,2025-11-07,10:38:00,-08:00,2025-11-07T10:38:00-08:00,1,17
style.css,311,css,d62164af,Dongting Cai,2025-11-07,10:38:00,-08:00,2025-11-07T10:38:00-08:00,0,0
style.css,312,css,d62164af,Dongting Cai,2025-11-07,10:38:00,-08:00,2025-11-07T10:38:00-08:00,0,62
style.css,313,css,d62164af,Dongting Cai,2025-11-07,10:38:00,-08:00,2025-11-07T10:38:00-08:00,0,0
style.css,314,css,d62164af,Dongting Cai,2025-11-07,10:38:00,-08:00,2025-11-07T10:38:00-08:00,0,36
style.css,315,css,d62164af,Dongting Cai,2025-11-07,10:38:00,-08:00,2025-11-07T10:38:00-08:00,0,145
style.css,316,css,d62164af,Dongting Cai,2025-11-07,10:38:00,-08:00,2025-11-07T10:38:00-08:00,0,79
style.css,317,css,d62164af,Dongting Cai,2025-11-07,10:38:00,-08:00,2025-11-07T10:38:00-08:00,0,0
style.css,318,css,d62164af,Dongting Cai,2025-11-07,10:38:00,-08:00,2025-11-07T10:38:00-08:00,0,45
style.css,319,css,d62164af,Dongting Cai,2025-11-07,10:38:00,-08:00,2025-11-07T10:38:00-08:00,0,25
style.css,320,css,d62164af,Dongting Cai,2025-11-07,10:38:00,-08:00,2025-11-07T10:38:00-08:00,1,14
style.css,321,css,d62164af,Dongting Cai,2025-11-07,10:38:00,-08:00,2025-11-07T10:38:00-08:00,1,73
style.css,322,css,d62164af,Dongting Cai,2025-11-07,10:38:00,-08:00,2025-11-07T10:38:00-08:00,1,63
style.css,323,css,d62164af,Dongting Cai,2025-11-07,10:38:00,-08:00,2025-11-07T10:38:00-08:00,1,24
style.css,324,css,d62164af,Dongting Cai,2025-11-07,10:38:00,-08:00,2025-11-07T10:38:00-08:00,0,0
style.css,325,css,d62164af,Dongting Cai,2025-11-07,10:38:00,-08:00,2025-11-07T10:38:00-08:00,0,58
style.css,326,css,d62164af,Dongting Cai,2025-11-07,10:38:00,-08:00,2025-11-07T10:38:00-08:00,0,67
style.css,327,css,d62164af,Dongting Cai,2025-11-07,10:38:00,-08:00,2025-11-07T10:38:00-08:00,0,47
style.css,328,css,d62164af,Dongting Cai,2025-11-07,10:38:00,-08:00,2025-11-07T10:38:00-08:00,0,0
style.css,329,css,d62164af,Dongting Cai,2025-11-07,10:38:00,-08:00,2025-11-07T10:38:00-08:00,0,48
style.css,330,css,d62164af,Dongting Cai,2025-11-07,10:38:00,-08:00,2025-11-07T10:38:00-08:00,0,65
style.css,331,css,d62164af,Dongting Cai,2025-11-07,10:38:00,-08:00,2025-11-07T10:38:00-08:00,0,32
index.js,1,js,d62164af,Dongting Cai,2025-11-07,10:38:00,-08:00,2025-11-07T10:38:00-08:00,0,10
index.js,2,js,d62164af,Dongting Cai,2025-11-07,10:38:00,-08:00,2025-11-07T10:38:00-08:00,0,54
index.js,3,js,d62164af,Dongting Cai,2025-11-07,10:38:00,-08:00,2025-11-07T10:38:00-08:00,0,0
index.js,4,js,d62164af,Dongting Cai,2025-11-07,10:38:00,-08:00,2025-11-07T10:38:00-08:00,0,54
index.js,5,js,d62164af,Dongting Cai,2025-11-07,10:38:00,-08:00,2025-11-07T10:38:00-08:00,0,27
index.js,6,js,d62164af,Dongting Cai,2025-11-07,10:38:00,-08:00,2025-11-07T10:38:00-08:00,0,0
index.js,7,js,d62164af,Dongting Cai,2025-11-07,10:38:00,-08:00,2025-11-07T10:38:00-08:00,0,80
index.js,8,js,d62164af,Dongting Cai,2025-11-07,10:38:00,-08:00,2025-11-07T10:38:00-08:00,0,36
index.js,9,js,d62164af,Dongting Cai,2025-11-07,10:38:00,-08:00,2025-11-07T10:38:00-08:00,0,0
index.js,10,js,d62164af,Dongting Cai,2025-11-07,10:38:00,-08:00,2025-11-07T10:38:00-08:00,0,51
index.js,11,js,d62164af,Dongting Cai,2025-11-07,10:38:00,-08:00,2025-11-07T10:38:00-08:00,0,44
index.js,12,js,d62164af,Dongting Cai,2025-11-07,10:38:00,-08:00,2025-11-07T10:38:00-08:00,0,0
index.js,13,js,d62164af,Dongting Cai,2025-11-07,10:38:00,-08:00,2025-11-07T10:38:00-08:00,0,47
index.js,14,js,d62164af,Dongting Cai,2025-11-07,10:38:00,-08:00,2025-11-07T10:38:00-08:00,0,58
index.js,15,js,d62164af,Dongting Cai,2025-11-07,10:38:00,-08:00,2025-11-07T10:38:00-08:00,0,0
index.js,16,js,d62164af,Dongting Cai,2025-11-07,10:38:00,-08:00,2025-11-07T10:38:00-08:00,0,27
index.js,17,js,d62164af,Dongting Cai,2025-11-07,10:38:00,-08:00,2025-11-07T10:38:00-08:00,0,60
index.js,18,js,d62164af,Dongting Cai,2025-11-07,10:38:00,-08:00,2025-11-07T10:38:00-08:00,0,0
index.js,19,js,d62164af,Dongting Cai,2025-11-07,10:38:00,-08:00,2025-11-07T10:38:00-08:00,0,19
index.js,20,js,d62164af,Dongting Cai,2025-11-07,10:38:00,-08:00,2025-11-07T10:38:00-08:00,0,31
index.js,21,js,d62164af,Dongting Cai,2025-11-07,10:38:00,-08:00,2025-11-07T10:38:00-08:00,1,24
index.js,22,js,d62164af,Dongting Cai,2025-11-07,10:38:00,-08:00,2025-11-07T10:38:00-08:00,2,21
index.js,23,js,d62164af,Dongting Cai,2025-11-07,10:38:00,-08:00,2025-11-07T10:38:00-08:00,2,2
index.js,24,js,d62164af,Dongting Cai,2025-11-07,10:38:00,-08:00,2025-11-07T10:38:00-08:00,3,55
index.js,25,js,d62164af,Dongting Cai,2025-11-07,10:38:00,-08:00,2025-11-07T10:38:00-08:00,3,55
index.js,26,js,d62164af,Dongting Cai,2025-11-07,10:38:00,-08:00,2025-11-07T10:38:00-08:00,3,49
index.js,27,js,d62164af,Dongting Cai,2025-11-07,10:38:00,-08:00,2025-11-07T10:38:00-08:00,3,49
index.js,28,js,d62164af,Dongting Cai,2025-11-07,10:38:00,-08:00,2025-11-07T10:38:00-08:00,2,3
index.js,29,js,d62164af,Dongting Cai,2025-11-07,10:38:00,-08:00,2025-11-07T10:38:00-08:00,1,0
index.js,30,js,d62164af,Dongting Cai,2025-11-07,10:38:00,-08:00,2025-11-07T10:38:00-08:00,0,0
index.html,1,html,d62164af,Dongting Cai,2025-11-07,10:38:00,-08:00,2025-11-07T10:38:00-08:00,0,13
index.html,2,html,d62164af,Dongting Cai,2025-11-07,10:38:00,-08:00,2025-11-07T10:38:00-08:00,0,14
index.html,3,html,d62164af,Dongting Cai,2025-11-07,10:38:00,-08:00,2025-11-07T10:38:00-08:00,0,0
index.html,4,html,d62164af,Dongting Cai,2025-11-07,10:38:00,-08:00,2025-11-07T10:38:00-08:00,0,4
index.html,5,html,d62164af,Dongting Cai,2025-11-07,10:38:00,-08:00,2025-11-07T10:38:00-08:00,2,20
index.html,6,html,d62164af,Dongting Cai,2025-11-07,10:38:00,-08:00,2025-11-07T10:38:00-08:00,2,19
index.html,7,html,d62164af,Dongting Cai,2025-11-07,10:38:00,-08:00,2025-11-07T10:38:00-08:00,5,102
index.html,8,html,d62164af,Dongting Cai,2025-11-07,10:38:00,-08:00,2025-11-07T10:38:00-08:00,2,51
index.html,9,html,d62164af,Dongting Cai,2025-11-07,10:38:00,-08:00,2025-11-07T10:38:00-08:00,2,50
index.html,10,html,d62164af,Dongting Cai,2025-11-07,10:38:00,-08:00,2025-11-07T10:38:00-08:00,2,38
index.html,11,html,d62164af,Dongting Cai,2025-11-07,10:38:00,-08:00,2025-11-07T10:38:00-08:00,0,5
index.html,12,html,d62164af,Dongting Cai,2025-11-07,10:38:00,-08:00,2025-11-07T10:38:00-08:00,0,0
index.html,13,html,d62164af,Dongting Cai,2025-11-07,10:38:00,-08:00,2025-11-07T10:38:00-08:00,0,4
index.html,14,html,d62164af,Dongting Cai,2025-11-07,10:38:00,-08:00,2025-11-07T10:38:00-08:00,2,15
index.html,15,html,d62164af,Dongting Cai,2025-11-07,10:38:00,-08:00,2025-11-07T10:38:00-08:00,2,320
index.html,16,html,d62164af,Dongting Cai,2025-11-07,10:38:00,-08:00,2025-11-07T10:38:00-08:00,0,0
index.html,17,html,d62164af,Dongting Cai,2025-11-07,10:38:00,-08:00,2025-11-07T10:38:00-08:00,2,82
index.html,18,html,d62164af,Dongting Cai,2025-11-07,10:38:00,-08:00,2025-11-07T10:38:00-08:00,0,0
index.html,19,html,d62164af,Dongting Cai,2025-11-07,10:38:00,-08:00,2025-11-07T10:38:00-08:00,2,21
index.html,20,html,d62164af,Dongting Cai,2025-11-07,10:38:00,-08:00,2025-11-07T10:38:00-08:00,2,41
index.html,21,html,d62164af,Dongting Cai,2025-11-07,10:38:00,-08:00,2025-11-07T10:38:00-08:00,2,21
index.html,22,html,d62164af,Dongting Cai,2025-11-07,10:38:00,-08:00,2025-11-07T10:38:00-08:00,2,13
index.html,23,html,d62164af,Dongting Cai,2025-11-07,10:38:00,-08:00,2025-11-07T10:38:00-08:00,2,4
index.html,24,html,d62164af,Dongting Cai,2025-11-07,10:38:00,-08:00,2025-11-07T10:38:00-08:00,0,0
index.html,25,html,d62164af,Dongting Cai,2025-11-07,10:38:00,-08:00,2025-11-07T10:38:00-08:00,2,23
index.html,26,html,d62164af,Dongting Cai,2025-11-07,10:38:00,-08:00,2025-11-07T10:38:00-08:00,2,42
index.html,27,html,d62164af,Dongting Cai,2025-11-07,10:38:00,-08:00,2025-11-07T10:38:00-08:00,3,35
index.html,28,html,d62164af,Dongting Cai,2025-11-07,10:38:00,-08:00,2025-11-07T10:38:00-08:00,2,4
index.html,29,html,d62164af,Dongting Cai,2025-11-07,10:38:00,-08:00,2025-11-07T10:38:00-08:00,0,0
index.html,30,html,d62164af,Dongting Cai,2025-11-07,10:38:00,-08:00,2025-11-07T10:38:00-08:00,2,24
index.html,31,html,d62164af,Dongting Cai,2025-11-07,10:38:00,-08:00,2025-11-07T10:38:00-08:00,2,22
index.html,32,html,d62164af,Dongting Cai,2025-11-07,10:38:00,-08:00,2025-11-07T10:38:00-08:00,2,58
index.html,33,html,d62164af,Dongting Cai,2025-11-07,10:38:00,-08:00,2025-11-07T10:38:00-08:00,0,0
index.html,34,html,d62164af,Dongting Cai,2025-11-07,10:38:00,-08:00,2025-11-07T10:38:00-08:00,0,0
index.html,35,html,d62164af,Dongting Cai,2025-11-07,10:38:00,-08:00,2025-11-07T10:38:00-08:00,2,14
index.html,36,html,d62164af,Dongting Cai,2025-11-07,10:38:00,-08:00,2025-11-07T10:38:00-08:00,2,45
index.html,37,html,d62164af,Dongting Cai,2025-11-07,10:38:00,-08:00,2025-11-07T10:38:00-08:00,2,50
index.html,38,html,d62164af,Dongting Cai,2025-11-07,10:38:00,-08:00,2025-11-07T10:38:00-08:00,2,51
index.html,39,html,d62164af,Dongting Cai,2025-11-07,10:38:00,-08:00,2025-11-07T10:38:00-08:00,0,5
index.html,40,html,d62164af,Dongting Cai,2025-11-07,10:38:00,-08:00,2025-11-07T10:38:00-08:00,0,5
global.js,1,js,d62164af,Dongting Cai,2025-11-07,10:38:00,-08:00,2025-11-07T10:38:00-08:00,0,25
global.js,2,js,d62164af,Dongting Cai,2025-11-07,10:38:00,-08:00,2025-11-07T10:38:00-08:00,0,0
global.js,3,js,d62164af,Dongting Cai,2025-11-07,10:38:00,-08:00,2025-11-07T10:38:00-08:00,0,26
global.js,4,js,d62164af,Dongting Cai,2025-11-07,10:38:00,-08:00,2025-11-07T10:38:00-08:00,0,50
global.js,5,js,d62164af,Dongting Cai,2025-11-07,10:38:00,-08:00,2025-11-07T10:38:00-08:00,0,0
global.js,6,js,d62164af,Dongting Cai,2025-11-07,10:38:00,-08:00,2025-11-07T10:38:00-08:00,0,61
global.js,7,js,d62164af,Dongting Cai,2025-11-07,10:38:00,-08:00,2025-11-07T10:38:00-08:00,0,28
global.js,8,js,d62164af,Dongting Cai,2025-11-07,10:38:00,-08:00,2025-11-07T10:38:00-08:00,1,15
global.js,9,js,d62164af,Dongting Cai,2025-11-07,10:38:00,-08:00,2025-11-07T10:38:00-08:00,1,67
global.js,10,js,d62164af,Dongting Cai,2025-11-07,10:38:00,-08:00,2025-11-07T10:38:00-08:00,1,20
global.js,11,js,d62164af,Dongting Cai,2025-11-07,10:38:00,-08:00,2025-11-07T10:38:00-08:00,1,29
global.js,12,js,d62164af,Dongting Cai,2025-11-07,10:38:00,-08:00,2025-11-07T10:38:00-08:00,1,7
global.js,13,js,d62164af,Dongting Cai,2025-11-07,10:38:00,-08:00,2025-11-07T10:38:00-08:00,0,0
global.js,14,js,d62164af,Dongting Cai,2025-11-07,10:38:00,-08:00,2025-11-07T10:38:00-08:00,0,0
global.js,15,js,d62164af,Dongting Cai,2025-11-07,10:38:00,-08:00,2025-11-07T10:38:00-08:00,0,29
global.js,16,js,d62164af,Dongting Cai,2025-11-07,10:38:00,-08:00,2025-11-07T10:38:00-08:00,0,23
global.js,17,js,d62164af,Dongting Cai,2025-11-07,10:38:00,-08:00,2025-11-07T10:38:00-08:00,1,42
global.js,18,js,d62164af,Dongting Cai,2025-11-07,10:38:00,-08:00,2025-11-07T10:38:00-08:00,1,49
global.js,19,js,d62164af,Dongting Cai,2025-11-07,10:38:00,-08:00,2025-11-07T10:38:00-08:00,0,0
global.js,20,js,d62164af,Dongting Cai,2025-11-07,10:38:00,-08:00,2025-11-07T10:38:00-08:00,0,0
global.js,21,js,d62164af,Dongting Cai,2025-11-07,10:38:00,-08:00,2025-11-07T10:38:00-08:00,0,19
global.js,22,js,d62164af,Dongting Cai,2025-11-07,10:38:00,-08:00,2025-11-07T10:38:00-08:00,0,13
global.js,23,js,d62164af,Dongting Cai,2025-11-07,10:38:00,-08:00,2025-11-07T10:38:00-08:00,1,34
global.js,24,js,d62164af,Dongting Cai,2025-11-07,10:38:00,-08:00,2025-11-07T10:38:00-08:00,1,38
global.js,25,js,d62164af,Dongting Cai,2025-11-07,10:38:00,-08:00,2025-11-07T10:38:00-08:00,1,37
global.js,26,js,d62164af,Dongting Cai,2025-11-07,10:38:00,-08:00,2025-11-07T10:38:00-08:00,1,36
global.js,27,js,00000000,Not Committed Yet,2025-11-07,11:30:52,-08:00,2025-11-07T11:30:52-08:00,1,30
global.js,28,js,d62164af,Dongting Cai,2025-11-07,10:38:00,-08:00,2025-11-07T10:38:00-08:00,0,0
global.js,29,js,d62164af,Dongting Cai,2025-11-07,10:38:00,-08:00,2025-11-07T10:38:00-08:00,0,0
global.js,30,js,d62164af,Dongting Cai,2025-11-07,10:38:00,-08:00,2025-11-07T10:38:00-08:00,0,33
global.js,31,js,d62164af,Dongting Cai,2025-11-07,10:38:00,-08:00,2025-11-07T10:38:00-08:00,0,20
global.js,32,js,d62164af,Dongting Cai,2025-11-07,10:38:00,-08:00,2025-11-07T10:38:00-08:00,1,59
global.js,33,js,d62164af,Dongting Cai,2025-11-07,10:38:00,-08:00,2025-11-07T10:38:00-08:00,0,0
global.js,34,js,d62164af,Dongting Cai,2025-11-07,10:38:00,-08:00,2025-11-07T10:38:00-08:00,1,40
global.js,35,js,d62164af,Dongting Cai,2025-11-07,10:38:00,-08:00,2025-11-07T10:38:00-08:00,1,37
global.js,36,js,d62164af,Dongting Cai,2025-11-07,10:38:00,-08:00,2025-11-07T10:38:00-08:00,1,25
global.js,37,js,d62164af,Dongting Cai,2025-11-07,10:38:00,-08:00,2025-11-07T10:38:00-08:00,0,0
global.js,38,js,d62164af,Dongting Cai,2025-11-07,10:38:00,-08:00,2025-11-07T10:38:00-08:00,1,45
global.js,39,js,d62164af,Dongting Cai,2025-11-07,10:38:00,-08:00,2025-11-07T10:38:00-08:00,1,35
global.js,40,js,d62164af,Dongting Cai,2025-11-07,10:38:00,-08:00,2025-11-07T10:38:00-08:00,2,36
global.js,41,js,d62164af,Dongting Cai,2025-11-07,10:38:00,-08:00,2025-11-07T10:38:00-08:00,2,21
global.js,42,js,d62164af,Dongting Cai,2025-11-07,10:38:00,-08:00,2025-11-07T10:38:00-08:00,2,20
global.js,43,js,d62164af,Dongting Cai,2025-11-07,10:38:00,-08:00,2025-11-07T10:38:00-08:00,0,0
global.js,44,js,d62164af,Dongting Cai,2025-11-07,10:38:00,-08:00,2025-11-07T10:38:00-08:00,2,43
global.js,45,js,d62164af,Dongting Cai,2025-11-07,10:38:00,-08:00,2025-11-07T10:38:00-08:00,3,18
global.js,46,js,d62164af,Dongting Cai,2025-11-07,10:38:00,-08:00,2025-11-07T10:38:00-08:00,3,28
global.js,47,js,d62164af,Dongting Cai,2025-11-07,10:38:00,-08:00,2025-11-07T10:38:00-08:00,2,0
global.js,48,js,d62164af,Dongting Cai,2025-11-07,10:38:00,-08:00,2025-11-07T10:38:00-08:00,2,13
global.js,49,js,d62164af,Dongting Cai,2025-11-07,10:38:00,-08:00,2025-11-07T10:38:00-08:00,1,0
global.js,50,js,d62164af,Dongting Cai,2025-11-07,10:38:00,-08:00,2025-11-07T10:38:00-08:00,1,15
global.js,51,js,d62164af,Dongting Cai,2025-11-07,10:38:00,-08:00,2025-11-07T10:38:00-08:00,0,0
global.js,52,js,d62164af,Dongting Cai,2025-11-07,10:38:00,-08:00,2025-11-07T10:38:00-08:00,1,23
global.js,53,js,d62164af,Dongting Cai,2025-11-07,10:38:00,-08:00,2025-11-07T10:38:00-08:00,1,40
global.js,54,js,d62164af,Dongting Cai,2025-11-07,10:38:00,-08:00,2025-11-07T10:38:00-08:00,1,42
global.js,55,js,d62164af,Dongting Cai,2025-11-07,10:38:00,-08:00,2025-11-07T10:38:00-08:00,2,48
global.js,56,js,d62164af,Dongting Cai,2025-11-07,10:38:00,-08:00,2025-11-07T10:38:00-08:00,2,61
global.js,57,js,d62164af,Dongting Cai,2025-11-07,10:38:00,-08:00,2025-11-07T10:38:00-08:00,3,25
global.js,58,js,d62164af,Dongting Cai,2025-11-07,10:38:00,-08:00,2025-11-07T10:38:00-08:00,3,37
global.js,59,js,d62164af,Dongting Cai,2025-11-07,10:38:00,-08:00,2025-11-07T10:38:00-08:00,2,0
global.js,60,js,d62164af,Dongting Cai,2025-11-07,10:38:00,-08:00,2025-11-07T10:38:00-08:00,1,0
global.js,61,js,d62164af,Dongting Cai,2025-11-07,10:38:00,-08:00,2025-11-07T10:38:00-08:00,0,3
global.js,62,js,d62164af,Dongting Cai,2025-11-07,10:38:00,-08:00,2025-11-07T10:38:00-08:00,0,0
global.js,63,js,d62164af,Dongting Cai,2025-11-07,10:38:00,-08:00,2025-11-07T10:38:00-08:00,0,52
global.js,64,js,d62164af,Dongting Cai,2025-11-07,10:38:00,-08:00,2025-11-07T10:38:00-08:00,0,26
global.js,65,js,d62164af,Dongting Cai,2025-11-07,10:38:00,-08:00,2025-11-07T10:38:00-08:00,1,31
global.js,66,js,d62164af,Dongting Cai,2025-11-07,10:38:00,-08:00,2025-11-07T10:38:00-08:00,2,11
global.js,67,js,d62164af,Dongting Cai,2025-11-07,10:38:00,-08:00,2025-11-07T10:38:00-08:00,2,0
global.js,68,js,d62164af,Dongting Cai,2025-11-07,10:38:00,-08:00,2025-11-07T10:38:00-08:00,3,87
global.js,69,js,d62164af,Dongting Cai,2025-11-07,10:38:00,-08:00,2025-11-07T10:38:00-08:00,4,4
global.js,70,js,d62164af,Dongting Cai,2025-11-07,10:38:00,-08:00,2025-11-07T10:38:00-08:00,4,6
global.js,71,js,d62164af,Dongting Cai,2025-11-07,10:38:00,-08:00,2025-11-07T10:38:00-08:00,5,43
global.js,72,js,d62164af,Dongting Cai,2025-11-07,10:38:00,-08:00,2025-11-07T10:38:00-08:00,5,34
global.js,73,js,d62164af,Dongting Cai,2025-11-07,10:38:00,-08:00,2025-11-07T10:38:00-08:00,5,32
global.js,74,js,d62164af,Dongting Cai,2025-11-07,10:38:00,-08:00,2025-11-07T10:38:00-08:00,4,7
global.js,75,js,d62164af,Dongting Cai,2025-11-07,10:38:00,-08:00,2025-11-07T10:38:00-08:00,3,6
global.js,76,js,d62164af,Dongting Cai,2025-11-07,10:38:00,-08:00,2025-11-07T10:38:00-08:00,2,0
global.js,77,js,d62164af,Dongting Cai,2025-11-07,10:38:00,-08:00,2025-11-07T10:38:00-08:00,1,0
global.js,78,js,d62164af,Dongting Cai,2025-11-07,10:38:00,-08:00,2025-11-07T10:38:00-08:00,0,0
global.js,79,js,d62164af,Dongting Cai,2025-11-07,10:38:00,-08:00,2025-11-07T10:38:00-08:00,1,60
global.js,80,js,d62164af,Dongting Cai,2025-11-07,10:38:00,-08:00,2025-11-07T10:38:00-08:00,0,0
global.js,81,js,d62164af,Dongting Cai,2025-11-07,10:38:00,-08:00,2025-11-07T10:38:00-08:00,1,28
global.js,82,js,d62164af,Dongting Cai,2025-11-07,10:38:00,-08:00,2025-11-07T10:38:00-08:00,2,62
global.js,83,js,d62164af,Dongting Cai,2025-11-07,10:38:00,-08:00,2025-11-07T10:38:00-08:00,2,17
global.js,84,js,d62164af,Dongting Cai,2025-11-07,10:38:00,-08:00,2025-11-07T10:38:00-08:00,1,0
global.js,85,js,d62164af,Dongting Cai,2025-11-07,10:38:00,-08:00,2025-11-07T10:38:00-08:00,0,0
global.js,86,js,d62164af,Dongting Cai,2025-11-07,10:38:00,-08:00,2025-11-07T10:38:00-08:00,1,74
global.js,87,js,d62164af,Dongting Cai,2025-11-07,10:38:00,-08:00,2025-11-07T10:38:00-08:00,0,0
global.js,88,js,d62164af,Dongting Cai,2025-11-07,10:38:00,-08:00,2025-11-07T10:38:00-08:00,1,39
global.js,89,js,d62164af,Dongting Cai,2025-11-07,10:38:00,-08:00,2025-11-07T10:38:00-08:00,2,25
global.js,90,js,d62164af,Dongting Cai,2025-11-07,10:38:00,-08:00,2025-11-07T10:38:00-08:00,2,18
global.js,91,js,d62164af,Dongting Cai,2025-11-07,10:38:00,-08:00,2025-11-07T10:38:00-08:00,2,29
global.js,92,js,d62164af,Dongting Cai,2025-11-07,10:38:00,-08:00,2025-11-07T10:38:00-08:00,1,1
global.js,93,js,d62164af,Dongting Cai,2025-11-07,10:38:00,-08:00,2025-11-07T10:38:00-08:00,0,3
global.js,94,js,d62164af,Dongting Cai,2025-11-07,10:38:00,-08:00,2025-11-07T10:38:00-08:00,0,0
global.js,95,js,d62164af,Dongting Cai,2025-11-07,10:38:00,-08:00,2025-11-07T10:38:00-08:00,0,40
global.js,96,js,d62164af,Dongting Cai,2025-11-07,10:38:00,-08:00,2025-11-07T10:38:00-08:00,0,26
global.js,97,js,d62164af,Dongting Cai,2025-11-07,10:38:00,-08:00,2025-11-07T10:38:00-08:00,1,61
global.js,98,js,d62164af,Dongting Cai,2025-11-07,10:38:00,-08:00,2025-11-07T10:38:00-08:00,1,16
global.js,99,js,d62164af,Dongting Cai,2025-11-07,10:38:00,-08:00,2025-11-07T10:38:00-08:00,0,0
global.js,100,js,d62164af,Dongting Cai,2025-11-07,10:38:00,-08:00,2025-11-07T10:38:00-08:00,1,38
global.js,101,js,d62164af,Dongting Cai,2025-11-07,10:38:00,-08:00,2025-11-07T10:38:00-08:00,2,17
global.js,102,js,d62164af,Dongting Cai,2025-11-07,10:38:00,-08:00,2025-11-07T10:38:00-08:00,2,30
global.js,103,js,d62164af,Dongting Cai,2025-11-07,10:38:00,-08:00,2025-11-07T10:38:00-08:00,2,53
global.js,104,js,d62164af,Dongting Cai,2025-11-07,10:38:00,-08:00,2025-11-07T10:38:00-08:00,2,18
global.js,105,js,d62164af,Dongting Cai,2025-11-07,10:38:00,-08:00,2025-11-07T10:38:00-08:00,3,67
global.js,106,js,d62164af,Dongting Cai,2025-11-07,10:38:00,-08:00,2025-11-07T10:38:00-08:00,3,9
global.js,107,js,d62164af,Dongting Cai,2025-11-07,10:38:00,-08:00,2025-11-07T10:38:00-08:00,2,28
global.js,108,js,d62164af,Dongting Cai,2025-11-07,10:38:00,-08:00,2025-11-07T10:38:00-08:00,1,1
global.js,109,js,d62164af,Dongting Cai,2025-11-07,10:38:00,-08:00,2025-11-07T10:38:00-08:00,0,3
global.js,110,js,d62164af,Dongting Cai,2025-11-07,10:38:00,-08:00,2025-11-07T10:38:00-08:00,0,0
global.js,111,js,d62164af,Dongting Cai,2025-11-07,10:38:00,-08:00,2025-11-07T10:38:00-08:00,0,11
global.js,112,js,d62164af,Dongting Cai,2025-11-07,10:38:00,-08:00,2025-11-07T10:38:00-08:00,0,36
global.js,113,js,d62164af,Dongting Cai,2025-11-07,10:38:00,-08:00,2025-11-07T10:38:00-08:00,1,27
global.js,114,js,d62164af,Dongting Cai,2025-11-07,10:38:00,-08:00,2025-11-07T10:38:00-08:00,1,73
global.js,115,js,d62164af,Dongting Cai,2025-11-07,10:38:00,-08:00,2025-11-07T10:38:00-08:00,1,16
global.js,116,js,d62164af,Dongting Cai,2025-11-07,10:38:00,-08:00,2025-11-07T10:38:00-08:00,0,0
global.js,117,js,d62164af,Dongting Cai,2025-11-07,10:38:00,-08:00,2025-11-07T10:38:00-08:00,0,0
global.js,118,js,d62164af,Dongting Cai,2025-11-07,10:38:00,-08:00,2025-11-07T10:38:00-08:00,0,72
global.js,119,js,d62164af,Dongting Cai,2025-11-07,10:38:00,-08:00,2025-11-07T10:38:00-08:00,1,21
global.js,120,js,d62164af,Dongting Cai,2025-11-07,10:38:00,-08:00,2025-11-07T10:38:00-08:00,1,23
global.js,121,js,d62164af,Dongting Cai,2025-11-07,10:38:00,-08:00,2025-11-07T10:38:00-08:00,1,72
global.js,122,js,d62164af,Dongting Cai,2025-11-07,10:38:00,-08:00,2025-11-07T10:38:00-08:00,1,31
global.js,123,js,d62164af,Dongting Cai,2025-11-07,10:38:00,-08:00,2025-11-07T10:38:00-08:00,2,42
global.js,124,js,d62164af,Dongting Cai,2025-11-07,10:38:00,-08:00,2025-11-07T10:38:00-08:00,2,35
global.js,125,js,d62164af,Dongting Cai,2025-11-07,10:38:00,-08:00,2025-11-07T10:38:00-08:00,2,27
global.js,126,js,d62164af,Dongting Cai,2025-11-07,10:38:00,-08:00,2025-11-07T10:38:00-08:00,2,33
global.js,127,js,d62164af,Dongting Cai,2025-11-07,10:38:00,-08:00,2025-11-07T10:38:00-08:00,2,13
global.js,128,js,d62164af,Dongting Cai,2025-11-07,10:38:00,-08:00,2025-11-07T10:38:00-08:00,3,39
global.js,129,js,d62164af,Dongting Cai,2025-11-07,10:38:00,-08:00,2025-11-07T10:38:00-08:00,3,31
global.js,130,js,d62164af,Dongting Cai,2025-11-07,10:38:00,-08:00,2025-11-07T10:38:00-08:00,3,14
global.js,131,js,d62164af,Dongting Cai,2025-11-07,10:38:00,-08:00,2025-11-07T10:38:00-08:00,2,23
global.js,132,js,d62164af,Dongting Cai,2025-11-07,10:38:00,-08:00,2025-11-07T10:38:00-08:00,1,0
global.js,133,js,d62164af,Dongting Cai,2025-11-07,10:38:00,-08:00,2025-11-07T10:38:00-08:00,1,39
global.js,134,js,d62164af,Dongting Cai,2025-11-07,10:38:00,-08:00,2025-11-07T10:38:00-08:00,2,53
global.js,135,js,d62164af,Dongting Cai,2025-11-07,10:38:00,-08:00,2025-11-07T10:38:00-08:00,1,0
global.js,136,js,d62164af,Dongting Cai,2025-11-07,10:38:00,-08:00,2025-11-07T10:38:00-08:00,0,0
global.js,137,js,d62164af,Dongting Cai,2025-11-07,10:38:00,-08:00,2025-11-07T10:38:00-08:00,0,0
global.js,138,js,d62164af,Dongting Cai,2025-11-07,10:38:00,-08:00,2025-11-07T10:38:00-08:00,0,41
global.js,139,js,d62164af,Dongting Cai,2025-11-07,10:38:00,-08:00,2025-11-07T10:38:00-08:00,0,47
global.js,140,js,d62164af,Dongting Cai,2025-11-07,10:38:00,-08:00,2025-11-07T10:38:00-08:00,1,59
global.js,141,js,d62164af,Dongting Cai,2025-11-07,10:38:00,-08:00,2025-11-07T10:38:00-08:00,0,0
global.js,142,js,d62164af,Dongting Cai,2025-11-07,10:38:00,-08:00,2025-11-07T10:38:00-08:00,0,0
global.js,143,js,d62164af,Dongting Cai,2025-11-07,10:38:00,-08:00,2025-11-07T10:38:00-08:00,0,0
global.js,144,js,00000000,Not Committed Yet,2025-11-07,11:30:52,-08:00,2025-11-07T11:30:52-08:00,0,0
global.js,145,js,00000000,Not Committed Yet,2025-11-07,11:30:52,-08:00,2025-11-07T11:30:52-08:00,0,0
global.js,146,js,d62164af,Dongting Cai,2025-11-07,10:38:00,-08:00,2025-11-07T10:38:00-08:00,0,0
global.js,147,js,d62164af,Dongting Cai,2025-11-07,10:38:00,-08:00,2025-11-07T10:38:00-08:00,0,22
global.js,148,js,d62164af,Dongting Cai,2025-11-07,10:38:00,-08:00,2025-11-07T10:38:00-08:00,0,0
global.js,149,js,d62164af,Dongting Cai,2025-11-07,10:38:00,-08:00,2025-11-07T10:38:00-08:00,0,77
global.js,150,js,d62164af,Dongting Cai,2025-11-07,10:38:00,-08:00,2025-11-07T10:38:00-08:00,0,0
global.js,151,js,d62164af,Dongting Cai,2025-11-07,10:38:00,-08:00,2025-11-07T10:38:00-08:00,0,39
global.js,152,js,d62164af,Dongting Cai,2025-11-07,10:38:00,-08:00,2025-11-07T10:38:00-08:00,0,34
global.js,153,js,d62164af,Dongting Cai,2025-11-07,10:38:00,-08:00,2025-11-07T10:38:00-08:00,1,58
global.js,154,js,d62164af,Dongting Cai,2025-11-07,10:38:00,-08:00,2025-11-07T10:38:00-08:00,0,12
global.js,155,js,d62164af,Dongting Cai,2025-11-07,10:38:00,-08:00,2025-11-07T10:38:00-08:00,0,0
global.js,156,js,d62164af,Dongting Cai,2025-11-07,10:38:00,-08:00,2025-11-07T10:38:00-08:00,0,68
global.js,157,js,d62164af,Dongting Cai,2025-11-07,10:38:00,-08:00,2025-11-07T10:38:00-08:00,0,0
global.js,158,js,d62164af,Dongting Cai,2025-11-07,10:38:00,-08:00,2025-11-07T10:38:00-08:00,0,0
github.js,1,js,d62164af,Dongting Cai,2025-11-07,10:38:00,-08:00,2025-11-07T10:38:00-08:00,0,11
github.js,2,js,d62164af,Dongting Cai,2025-11-07,10:38:00,-08:00,2025-11-07T10:38:00-08:00,0,38
github.js,3,js,d62164af,Dongting Cai,2025-11-07,10:38:00,-08:00,2025-11-07T10:38:00-08:00,0,0
github.js,4,js,d62164af,Dongting Cai,2025-11-07,10:38:00,-08:00,2025-11-07T10:38:00-08:00,0,73
github.js,5,js,d62164af,Dongting Cai,2025-11-07,10:38:00,-08:00,2025-11-07T10:38:00-08:00,0,91
github.js,6,js,d62164af,Dongting Cai,2025-11-07,10:38:00,-08:00,2025-11-07T10:38:00-08:00,0,0
github.js,7,js,d62164af,Dongting Cai,2025-11-07,10:38:00,-08:00,2025-11-07T10:38:00-08:00,0,50
github.js,8,js,d62164af,Dongting Cai,2025-11-07,10:38:00,-08:00,2025-11-07T10:38:00-08:00,0,10
github.js,9,js,d62164af,Dongting Cai,2025-11-07,10:38:00,-08:00,2025-11-07T10:38:00-08:00,1,58
github.js,10,js,d62164af,Dongting Cai,2025-11-07,10:38:00,-08:00,2025-11-07T10:38:00-08:00,0,0
github.js,11,js,d62164af,Dongting Cai,2025-11-07,10:38:00,-08:00,2025-11-07T10:38:00-08:00,0,0
github.js,12,js,d62164af,Dongting Cai,2025-11-07,10:38:00,-08:00,2025-11-07T10:38:00-08:00,0,24
github.js,13,js,d62164af,Dongting Cai,2025-11-07,10:38:00,-08:00,2025-11-07T10:38:00-08:00,1,3
github.js,14,js,d62164af,Dongting Cai,2025-11-07,10:38:00,-08:00,2025-11-07T10:38:00-08:00,2,87
github.js,15,js,d62164af,Dongting Cai,2025-11-07,10:38:00,-08:00,2025-11-07T10:38:00-08:00,1,7
github.js,16,js,d62164af,Dongting Cai,2025-11-07,10:38:00,-08:00,2025-11-07T10:38:00-08:00,2,29
github.js,17,js,d62164af,Dongting Cai,2025-11-07,10:38:00,-08:00,2025-11-07T10:38:00-08:00,1,0
github.js,18,js,d62164af,Dongting Cai,2025-11-07,10:38:00,-08:00,2025-11-07T10:38:00-08:00,0,0
github.js,19,js,d62164af,Dongting Cai,2025-11-07,10:38:00,-08:00,2025-11-07T10:38:00-08:00,0,0
github.js,20,js,d62164af,Dongting Cai,2025-11-07,10:38:00,-08:00,2025-11-07T10:38:00-08:00,0,32
github.js,21,js,d62164af,Dongting Cai,2025-11-07,10:38:00,-08:00,2025-11-07T10:38:00-08:00,1,18
github.js,22,js,d62164af,Dongting Cai,2025-11-07,10:38:00,-08:00,2025-11-07T10:38:00-08:00,1,23
github.js,23,js,d62164af,Dongting Cai,2025-11-07,10:38:00,-08:00,2025-11-07T10:38:00-08:00,2,47
github.js,24,js,d62164af,Dongting Cai,2025-11-07,10:38:00,-08:00,2025-11-07T10:38:00-08:00,2,5
github.js,25,js,d62164af,Dongting Cai,2025-11-07,10:38:00,-08:00,2025-11-07T10:38:00-08:00,1,0
github.js,26,js,d62164af,Dongting Cai,2025-11-07,10:38:00,-08:00,2025-11-07T10:38:00-08:00,0,0
github.js,27,js,d62164af,Dongting Cai,2025-11-07,10:38:00,-08:00,2025-11-07T10:38:00-08:00,1,22
github.js,28,js,d62164af,Dongting Cai,2025-11-07,10:38:00,-08:00,2025-11-07T10:38:00-08:00,2,45
github.js,29,js,d62164af,Dongting Cai,2025-11-07,10:38:00,-08:00,2025-11-07T10:38:00-08:00,2,27
github.js,30,js,d62164af,Dongting Cai,2025-11-07,10:38:00,-08:00,2025-11-07T10:38:00-08:00,2,33
github.js,31,js,d62164af,Dongting Cai,2025-11-07,10:38:00,-08:00,2025-11-07T10:38:00-08:00,2,46
github.js,32,js,d62164af,Dongting Cai,2025-11-07,10:38:00,-08:00,2025-11-07T10:38:00-08:00,2,30
github.js,33,js,d62164af,Dongting Cai,2025-11-07,10:38:00,-08:00,2025-11-07T10:38:00-08:00,2,36
github.js,34,js,d62164af,Dongting Cai,2025-11-07,10:38:00,-08:00,2025-11-07T10:38:00-08:00,2,29
github.js,35,js,d62164af,Dongting Cai,2025-11-07,10:38:00,-08:00,2025-11-07T10:38:00-08:00,2,37
github.js,36,js,d62164af,Dongting Cai,2025-11-07,10:38:00,-08:00,2025-11-07T10:38:00-08:00,0,0
github.js,37,js,d62164af,Dongting Cai,2025-11-07,10:38:00,-08:00,2025-11-07T10:38:00-08:00,2,16
github.js,38,js,d62164af,Dongting Cai,2025-11-07,10:38:00,-08:00,2025-11-07T10:38:00-08:00,3,77
github.js,39,js,d62164af,Dongting Cai,2025-11-07,10:38:00,-08:00,2025-11-07T10:38:00-08:00,3,32
github.js,40,js,d62164af,Dongting Cai,2025-11-07,10:38:00,-08:00,2025-11-07T10:38:00-08:00,3,20
github.js,41,js,d62164af,Dongting Cai,2025-11-07,10:38:00,-08:00,2025-11-07T10:38:00-08:00,4,21
github.js,42,js,d62164af,Dongting Cai,2025-11-07,10:38:00,-08:00,2025-11-07T10:38:00-08:00,4,16
github.js,43,js,d62164af,Dongting Cai,2025-11-07,10:38:00,-08:00,2025-11-07T10:38:00-08:00,4,21
github.js,44,js,d62164af,Dongting Cai,2025-11-07,10:38:00,-08:00,2025-11-07T10:38:00-08:00,3,3
github.js,45,js,d62164af,Dongting Cai,2025-11-07,10:38:00,-08:00,2025-11-07T10:38:00-08:00,2,0
github.js,46,js,d62164af,Dongting Cai,2025-11-07,10:38:00,-08:00,2025-11-07T10:38:00-08:00,2,21
github.js,47,js,d62164af,Dongting Cai,2025-11-07,10:38:00,-08:00,2025-11-07T10:38:00-08:00,1,0
github.js,48,js,d62164af,Dongting Cai,2025-11-07,10:38:00,-08:00,2025-11-07T10:38:00-08:00,0,0
github.js,49,js,d62164af,Dongting Cai,2025-11-07,10:38:00,-08:00,2025-11-07T10:38:00-08:00,0,0
github.js,50,js,d62164af,Dongting Cai,2025-11-07,10:38:00,-08:00,2025-11-07T10:38:00-08:00,0,26
github.js,51,js,d62164af,Dongting Cai,2025-11-07,10:38:00,-08:00,2025-11-07T10:38:00-08:00,1,3
github.js,52,js,d62164af,Dongting Cai,2025-11-07,10:38:00,-08:00,2025-11-07T10:38:00-08:00,2,35
github.js,53,js,d62164af,Dongting Cai,2025-11-07,10:38:00,-08:00,2025-11-07T10:38:00-08:00,2,33
github.js,54,js,d62164af,Dongting Cai,2025-11-07,10:38:00,-08:00,2025-11-07T10:38:00-08:00,3,49
github.js,55,js,d62164af,Dongting Cai,2025-11-07,10:38:00,-08:00,2025-11-07T10:38:00-08:00,2,1
github.js,56,js,d62164af,Dongting Cai,2025-11-07,10:38:00,-08:00,2025-11-07T10:38:00-08:00,0,0
github.js,57,js,d62164af,Dongting Cai,2025-11-07,10:38:00,-08:00,2025-11-07T10:38:00-08:00,2,12
github.js,58,js,d62164af,Dongting Cai,2025-11-07,10:38:00,-08:00,2025-11-07T10:38:00-08:00,3,45
github.js,59,js,d62164af,Dongting Cai,2025-11-07,10:38:00,-08:00,2025-11-07T10:38:00-08:00,3,62
github.js,60,js,d62164af,Dongting Cai,2025-11-07,10:38:00,-08:00,2025-11-07T10:38:00-08:00,3,17
github.js,61,js,d62164af,Dongting Cai,2025-11-07,10:38:00,-08:00,2025-11-07T10:38:00-08:00,3,86
github.js,62,js,d62164af,Dongting Cai,2025-11-07,10:38:00,-08:00,2025-11-07T10:38:00-08:00,3,5
github.js,63,js,d62164af,Dongting Cai,2025-11-07,10:38:00,-08:00,2025-11-07T10:38:00-08:00,2,0
github.js,64,js,d62164af,Dongting Cai,2025-11-07,10:38:00,-08:00,2025-11-07T10:38:00-08:00,0,0
github.js,65,js,d62164af,Dongting Cai,2025-11-07,10:38:00,-08:00,2025-11-07T10:38:00-08:00,2,27
github.js,66,js,d62164af,Dongting Cai,2025-11-07,10:38:00,-08:00,2025-11-07T10:38:00-08:00,0,0
github.js,67,js,d62164af,Dongting Cai,2025-11-07,10:38:00,-08:00,2025-11-07T10:38:00-08:00,2,53
github.js,68,js,d62164af,Dongting Cai,2025-11-07,10:38:00,-08:00,2025-11-07T10:38:00-08:00,2,48
github.js,69,js,d62164af,Dongting Cai,2025-11-07,10:38:00,-08:00,2025-11-07T10:38:00-08:00,0,0
github.js,70,js,d62164af,Dongting Cai,2025-11-07,10:38:00,-08:00,2025-11-07T10:38:00-08:00,2,70
github.js,71,js,d62164af,Dongting Cai,2025-11-07,10:38:00,-08:00,2025-11-07T10:38:00-08:00,2,68
github.js,72,js,d62164af,Dongting Cai,2025-11-07,10:38:00,-08:00,2025-11-07T10:38:00-08:00,0,0
github.js,73,js,d62164af,Dongting Cai,2025-11-07,10:38:00,-08:00,2025-11-07T10:38:00-08:00,2,11
github.js,74,js,d62164af,Dongting Cai,2025-11-07,10:38:00,-08:00,2025-11-07T10:38:00-08:00,2,29
github.js,75,js,d62164af,Dongting Cai,2025-11-07,10:38:00,-08:00,2025-11-07T10:38:00-08:00,1,13
github.js,76,js,d62164af,Dongting Cai,2025-11-07,10:38:00,-08:00,2025-11-07T10:38:00-08:00,2,17
github.js,77,js,d62164af,Dongting Cai,2025-11-07,10:38:00,-08:00,2025-11-07T10:38:00-08:00,2,82
github.js,78,js,d62164af,Dongting Cai,2025-11-07,10:38:00,-08:00,2025-11-07T10:38:00-08:00,1,0
github.js,79,js,d62164af,Dongting Cai,2025-11-07,10:38:00,-08:00,2025-11-07T10:38:00-08:00,0,0
github.js,80,js,d62164af,Dongting Cai,2025-11-07,10:38:00,-08:00,2025-11-07T10:38:00-08:00,0,0
github.js,81,js,d62164af,Dongting Cai,2025-11-07,10:38:00,-08:00,2025-11-07T10:38:00-08:00,0,20
resume/index.html,1,html,d62164af,Dongting Cai,2025-11-07,10:38:00,-08:00,2025-11-07T10:38:00-08:00,0,13
resume/index.html,2,html,d62164af,Dongting Cai,2025-11-07,10:38:00,-08:00,2025-11-07T10:38:00-08:00,0,14
resume/index.html,3,html,d62164af,Dongting Cai,2025-11-07,10:38:00,-08:00,2025-11-07T10:38:00-08:00,1,4
resume/index.html,4,html,d62164af,Dongting Cai,2025-11-07,10:38:00,-08:00,2025-11-07T10:38:00-08:00,2,20
resume/index.html,5,html,d62164af,Dongting Cai,2025-11-07,10:38:00,-08:00,2025-11-07T10:38:00-08:00,2,19
resume/index.html,6,html,d62164af,Dongting Cai,2025-11-07,10:38:00,-08:00,2025-11-07T10:38:00-08:00,2,66
resume/index.html,7,html,d62164af,Dongting Cai,2025-11-07,10:38:00,-08:00,2025-11-07T10:38:00-08:00,2,41
resume/index.html,8,html,d62164af,Dongting Cai,2025-11-07,10:38:00,-08:00,2025-11-07T10:38:00-08:00,1,5
resume/index.html,9,html,d62164af,Dongting Cai,2025-11-07,10:38:00,-08:00,2025-11-07T10:38:00-08:00,1,4
resume/index.html,10,html,d62164af,Dongting Cai,2025-11-07,10:38:00,-08:00,2025-11-07T10:38:00-08:00,2,19
resume/index.html,11,html,d62164af,Dongting Cai,2025-11-07,10:38:00,-08:00,2025-11-07T10:38:00-08:00,2,18
resume/index.html,12,html,d62164af,Dongting Cai,2025-11-07,10:38:00,-08:00,2025-11-07T10:38:00-08:00,2,1
resume/index.html,13,html,d62164af,Dongting Cai,2025-11-07,10:38:00,-08:00,2025-11-07T10:38:00-08:00,3,50
resume/index.html,14,html,d62164af,Dongting Cai,2025-11-07,10:38:00,-08:00,2025-11-07T10:38:00-08:00,3,74
resume/index.html,15,html,d62164af,Dongting Cai,2025-11-07,10:38:00,-08:00,2025-11-07T10:38:00-08:00,3,53
resume/index.html,16,html,d62164af,Dongting Cai,2025-11-07,10:38:00,-08:00,2025-11-07T10:38:00-08:00,2,2
resume/index.html,17,html,d62164af,Dongting Cai,2025-11-07,10:38:00,-08:00,2025-11-07T10:38:00-08:00,0,0
resume/index.html,18,html,d62164af,Dongting Cai,2025-11-07,10:38:00,-08:00,2025-11-07T10:38:00-08:00,2,15
resume/index.html,19,html,d62164af,Dongting Cai,2025-11-07,10:38:00,-08:00,2025-11-07T10:38:00-08:00,3,29
resume/index.html,20,html,d62164af,Dongting Cai,2025-11-07,10:38:00,-08:00,2025-11-07T10:38:00-08:00,4,25
resume/index.html,21,html,d62164af,Dongting Cai,2025-11-07,10:38:00,-08:00,2025-11-07T10:38:00-08:00,4,7
resume/index.html,22,html,d62164af,Dongting Cai,2025-11-07,10:38:00,-08:00,2025-11-07T10:38:00-08:00,5,42
resume/index.html,23,html,d62164af,Dongting Cai,2025-11-07,10:38:00,-08:00,2025-11-07T10:38:00-08:00,5,25
resume/index.html,24,html,d62164af,Dongting Cai,2025-11-07,10:38:00,-08:00,2025-11-07T10:38:00-08:00,5,88
resume/index.html,25,html,d62164af,Dongting Cai,2025-11-07,10:38:00,-08:00,2025-11-07T10:38:00-08:00,4,8
resume/index.html,26,html,d62164af,Dongting Cai,2025-11-07,10:38:00,-08:00,2025-11-07T10:38:00-08:00,0,0
resume/index.html,27,html,d62164af,Dongting Cai,2025-11-07,10:38:00,-08:00,2025-11-07T10:38:00-08:00,4,7
resume/index.html,28,html,d62164af,Dongting Cai,2025-11-07,10:38:00,-08:00,2025-11-07T10:38:00-08:00,5,38
resume/index.html,29,html,d62164af,Dongting Cai,2025-11-07,10:38:00,-08:00,2025-11-07T10:38:00-08:00,5,69
resume/index.html,30,html,d62164af,Dongting Cai,2025-11-07,10:38:00,-08:00,2025-11-07T10:38:00-08:00,5,88
resume/index.html,31,html,d62164af,Dongting Cai,2025-11-07,10:38:00,-08:00,2025-11-07T10:38:00-08:00,4,8
resume/index.html,32,html,d62164af,Dongting Cai,2025-11-07,10:38:00,-08:00,2025-11-07T10:38:00-08:00,3,8
resume/index.html,33,html,d62164af,Dongting Cai,2025-11-07,10:38:00,-08:00,2025-11-07T10:38:00-08:00,0,0
resume/index.html,34,html,d62164af,Dongting Cai,2025-11-07,10:38:00,-08:00,2025-11-07T10:38:00-08:00,3,28
resume/index.html,35,html,d62164af,Dongting Cai,2025-11-07,10:38:00,-08:00,2025-11-07T10:38:00-08:00,4,44
resume/index.html,36,html,d62164af,Dongting Cai,2025-11-07,10:38:00,-08:00,2025-11-07T10:38:00-08:00,4,7
resume/index.html,37,html,d62164af,Dongting Cai,2025-11-07,10:38:00,-08:00,2025-11-07T10:38:00-08:00,5,55
resume/index.html,38,html,d62164af,Dongting Cai,2025-11-07,10:38:00,-08:00,2025-11-07T10:38:00-08:00,5,63
resume/index.html,39,html,d62164af,Dongting Cai,2025-11-07,10:38:00,-08:00,2025-11-07T10:38:00-08:00,4,8
resume/index.html,40,html,d62164af,Dongting Cai,2025-11-07,10:38:00,-08:00,2025-11-07T10:38:00-08:00,0,0
resume/index.html,41,html,d62164af,Dongting Cai,2025-11-07,10:38:00,-08:00,2025-11-07T10:38:00-08:00,4,7
resume/index.html,42,html,d62164af,Dongting Cai,2025-11-07,10:38:00,-08:00,2025-11-07T10:38:00-08:00,5,66
resume/index.html,43,html,d62164af,Dongting Cai,2025-11-07,10:38:00,-08:00,2025-11-07T10:38:00-08:00,5,168
resume/index.html,44,html,d62164af,Dongting Cai,2025-11-07,10:38:00,-08:00,2025-11-07T10:38:00-08:00,4,8
resume/index.html,45,html,d62164af,Dongting Cai,2025-11-07,10:38:00,-08:00,2025-11-07T10:38:00-08:00,0,0
resume/index.html,46,html,d62164af,Dongting Cai,2025-11-07,10:38:00,-08:00,2025-11-07T10:38:00-08:00,4,7
resume/index.html,47,html,d62164af,Dongting Cai,2025-11-07,10:38:00,-08:00,2025-11-07T10:38:00-08:00,5,73
resume/index.html,48,html,d62164af,Dongting Cai,2025-11-07,10:38:00,-08:00,2025-11-07T10:38:00-08:00,5,80
resume/index.html,49,html,d62164af,Dongting Cai,2025-11-07,10:38:00,-08:00,2025-11-07T10:38:00-08:00,4,8
resume/index.html,50,html,d62164af,Dongting Cai,2025-11-07,10:38:00,-08:00,2025-11-07T10:38:00-08:00,3,8
resume/index.html,51,html,d62164af,Dongting Cai,2025-11-07,10:38:00,-08:00,2025-11-07T10:38:00-08:00,0,0
resume/index.html,52,html,d62164af,Dongting Cai,2025-11-07,10:38:00,-08:00,2025-11-07T10:38:00-08:00,3,36
resume/index.html,53,html,d62164af,Dongting Cai,2025-11-07,10:38:00,-08:00,2025-11-07T10:38:00-08:00,4,42
resume/index.html,54,html,d62164af,Dongting Cai,2025-11-07,10:38:00,-08:00,2025-11-07T10:38:00-08:00,4,143
resume/index.html,55,html,d62164af,Dongting Cai,2025-11-07,10:38:00,-08:00,2025-11-07T10:38:00-08:00,3,8
resume/index.html,56,html,d62164af,Dongting Cai,2025-11-07,10:38:00,-08:00,2025-11-07T10:38:00-08:00,0,0
resume/index.html,57,html,d62164af,Dongting Cai,2025-11-07,10:38:00,-08:00,2025-11-07T10:38:00-08:00,3,34
resume/index.html,58,html,d62164af,Dongting Cai,2025-11-07,10:38:00,-08:00,2025-11-07T10:38:00-08:00,4,42
resume/index.html,59,html,d62164af,Dongting Cai,2025-11-07,10:38:00,-08:00,2025-11-07T10:38:00-08:00,0,0
resume/index.html,60,html,d62164af,Dongting Cai,2025-11-07,10:38:00,-08:00,2025-11-07T10:38:00-08:00,4,7
resume/index.html,61,html,d62164af,Dongting Cai,2025-11-07,10:38:00,-08:00,2025-11-07T10:38:00-08:00,5,44
resume/index.html,62,html,d62164af,Dongting Cai,2025-11-07,10:38:00,-08:00,2025-11-07T10:38:00-08:00,5,51
resume/index.html,63,html,d62164af,Dongting Cai,2025-11-07,10:38:00,-08:00,2025-11-07T10:38:00-08:00,5,2
resume/index.html,64,html,d62164af,Dongting Cai,2025-11-07,10:38:00,-08:00,2025-11-07T10:38:00-08:00,6,67
resume/index.html,65,html,d62164af,Dongting Cai,2025-11-07,10:38:00,-08:00,2025-11-07T10:38:00-08:00,6,53
resume/index.html,66,html,d62164af,Dongting Cai,2025-11-07,10:38:00,-08:00,2025-11-07T10:38:00-08:00,5,3
resume/index.html,67,html,d62164af,Dongting Cai,2025-11-07,10:38:00,-08:00,2025-11-07T10:38:00-08:00,4,8
resume/index.html,68,html,d62164af,Dongting Cai,2025-11-07,10:38:00,-08:00,2025-11-07T10:38:00-08:00,0,0
resume/index.html,69,html,d62164af,Dongting Cai,2025-11-07,10:38:00,-08:00,2025-11-07T10:38:00-08:00,4,7
resume/index.html,70,html,d62164af,Dongting Cai,2025-11-07,10:38:00,-08:00,2025-11-07T10:38:00-08:00,5,50
resume/index.html,71,html,d62164af,Dongting Cai,2025-11-07,10:38:00,-08:00,2025-11-07T10:38:00-08:00,5,51
resume/index.html,72,html,d62164af,Dongting Cai,2025-11-07,10:38:00,-08:00,2025-11-07T10:38:00-08:00,5,2
resume/index.html,73,html,d62164af,Dongting Cai,2025-11-07,10:38:00,-08:00,2025-11-07T10:38:00-08:00,6,68
resume/index.html,74,html,d62164af,Dongting Cai,2025-11-07,10:38:00,-08:00,2025-11-07T10:38:00-08:00,6,56
resume/index.html,75,html,d62164af,Dongting Cai,2025-11-07,10:38:00,-08:00,2025-11-07T10:38:00-08:00,5,3
resume/index.html,76,html,d62164af,Dongting Cai,2025-11-07,10:38:00,-08:00,2025-11-07T10:38:00-08:00,4,8
resume/index.html,77,html,d62164af,Dongting Cai,2025-11-07,10:38:00,-08:00,2025-11-07T10:38:00-08:00,0,0
resume/index.html,78,html,d62164af,Dongting Cai,2025-11-07,10:38:00,-08:00,2025-11-07T10:38:00-08:00,4,7
resume/index.html,79,html,d62164af,Dongting Cai,2025-11-07,10:38:00,-08:00,2025-11-07T10:38:00-08:00,5,49
resume/index.html,80,html,d62164af,Dongting Cai,2025-11-07,10:38:00,-08:00,2025-11-07T10:38:00-08:00,5,17
resume/index.html,81,html,d62164af,Dongting Cai,2025-11-07,10:38:00,-08:00,2025-11-07T10:38:00-08:00,5,2
resume/index.html,82,html,d62164af,Dongting Cai,2025-11-07,10:38:00,-08:00,2025-11-07T10:38:00-08:00,6,74
resume/index.html,83,html,d62164af,Dongting Cai,2025-11-07,10:38:00,-08:00,2025-11-07T10:38:00-08:00,6,53
resume/index.html,84,html,d62164af,Dongting Cai,2025-11-07,10:38:00,-08:00,2025-11-07T10:38:00-08:00,5,3
resume/index.html,85,html,d62164af,Dongting Cai,2025-11-07,10:38:00,-08:00,2025-11-07T10:38:00-08:00,4,8
resume/index.html,86,html,d62164af,Dongting Cai,2025-11-07,10:38:00,-08:00,2025-11-07T10:38:00-08:00,0,0
resume/index.html,87,html,d62164af,Dongting Cai,2025-11-07,10:38:00,-08:00,2025-11-07T10:38:00-08:00,4,7
resume/index.html,88,html,d62164af,Dongting Cai,2025-11-07,10:38:00,-08:00,2025-11-07T10:38:00-08:00,5,64
resume/index.html,89,html,d62164af,Dongting Cai,2025-11-07,10:38:00,-08:00,2025-11-07T10:38:00-08:00,5,86
resume/index.html,90,html,d62164af,Dongting Cai,2025-11-07,10:38:00,-08:00,2025-11-07T10:38:00-08:00,5,2
resume/index.html,91,html,d62164af,Dongting Cai,2025-11-07,10:38:00,-08:00,2025-11-07T10:38:00-08:00,6,53
resume/index.html,92,html,d62164af,Dongting Cai,2025-11-07,10:38:00,-08:00,2025-11-07T10:38:00-08:00,6,39
resume/index.html,93,html,d62164af,Dongting Cai,2025-11-07,10:38:00,-08:00,2025-11-07T10:38:00-08:00,5,3
resume/index.html,94,html,d62164af,Dongting Cai,2025-11-07,10:38:00,-08:00,2025-11-07T10:38:00-08:00,4,8
resume/index.html,95,html,d62164af,Dongting Cai,2025-11-07,10:38:00,-08:00,2025-11-07T10:38:00-08:00,3,8
resume/index.html,96,html,d62164af,Dongting Cai,2025-11-07,10:38:00,-08:00,2025-11-07T10:38:00-08:00,0,0
resume/index.html,97,html,d62164af,Dongting Cai,2025-11-07,10:38:00,-08:00,2025-11-07T10:38:00-08:00,3,32
resume/index.html,98,html,d62164af,Dongting Cai,2025-11-07,10:38:00,-08:00,2025-11-07T10:38:00-08:00,4,35
resume/index.html,99,html,d62164af,Dongting Cai,2025-11-07,10:38:00,-08:00,2025-11-07T10:38:00-08:00,4,15
resume/index.html,100,html,d62164af,Dongting Cai,2025-11-07,10:38:00,-08:00,2025-11-07T10:38:00-08:00,5,55
resume/index.html,101,html,d62164af,Dongting Cai,2025-11-07,10:38:00,-08:00,2025-11-07T10:38:00-08:00,5,61
resume/index.html,102,html,d62164af,Dongting Cai,2025-11-07,10:38:00,-08:00,2025-11-07T10:38:00-08:00,5,58
resume/index.html,103,html,d62164af,Dongting Cai,2025-11-07,10:38:00,-08:00,2025-11-07T10:38:00-08:00,5,45
resume/index.html,104,html,d62164af,Dongting Cai,2025-11-07,10:38:00,-08:00,2025-11-07T10:38:00-08:00,4,3
resume/index.html,105,html,d62164af,Dongting Cai,2025-11-07,10:38:00,-08:00,2025-11-07T10:38:00-08:00,3,8
resume/index.html,106,html,d62164af,Dongting Cai,2025-11-07,10:38:00,-08:00,2025-11-07T10:38:00-08:00,2,5
resume/index.html,107,html,d62164af,Dongting Cai,2025-11-07,10:38:00,-08:00,2025-11-07T10:38:00-08:00,0,0
resume/index.html,108,html,d62164af,Dongting Cai,2025-11-07,10:38:00,-08:00,2025-11-07T10:38:00-08:00,2,6
resume/index.html,109,html,d62164af,Dongting Cai,2025-11-07,10:38:00,-08:00,2025-11-07T10:38:00-08:00,3,100
resume/index.html,110,html,d62164af,Dongting Cai,2025-11-07,10:38:00,-08:00,2025-11-07T10:38:00-08:00,2,7
resume/index.html,111,html,d62164af,Dongting Cai,2025-11-07,10:38:00,-08:00,2025-11-07T10:38:00-08:00,0,0
resume/index.html,112,html,d62164af,Dongting Cai,2025-11-07,10:38:00,-08:00,2025-11-07T10:38:00-08:00,2,48
resume/index.html,113,html,d62164af,Dongting Cai,2025-11-07,10:38:00,-08:00,2025-11-07T10:38:00-08:00,1,5
resume/index.html,114,html,d62164af,Dongting Cai,2025-11-07,10:38:00,-08:00,2025-11-07T10:38:00-08:00,0,5
projects/projects.js,1,js,d62164af,Dongting Cai,2025-11-07,10:38:00,-08:00,2025-11-07T10:38:00-08:00,0,47
projects/projects.js,2,js,d62164af,Dongting Cai,2025-11-07,10:38:00,-08:00,2025-11-07T10:38:00-08:00,0,0
projects/projects.js,3,js,d62164af,Dongting Cai,2025-11-07,10:38:00,-08:00,2025-11-07T10:38:00-08:00,0,55
projects/projects.js,4,js,d62164af,Dongting Cai,2025-11-07,10:38:00,-08:00,2025-11-07T10:38:00-08:00,0,63
projects/projects.js,5,js,d62164af,Dongting Cai,2025-11-07,10:38:00,-08:00,2025-11-07T10:38:00-08:00,0,0
projects/projects.js,6,js,d62164af,Dongting Cai,2025-11-07,10:38:00,-08:00,2025-11-07T10:38:00-08:00,0,48
projects/projects.js,7,js,d62164af,Dongting Cai,2025-11-07,10:38:00,-08:00,2025-11-07T10:38:00-08:00,0,74
projects/projects.js,8,js,d62164af,Dongting Cai,2025-11-07,10:38:00,-08:00,2025-11-07T10:38:00-08:00,0,52
projects/projects.js,9,js,d62164af,Dongting Cai,2025-11-07,10:38:00,-08:00,2025-11-07T10:38:00-08:00,0,40
projects/projects.js,10,js,d62164af,Dongting Cai,2025-11-07,10:38:00,-08:00,2025-11-07T10:38:00-08:00,0,0
projects/projects.js,11,js,d62164af,Dongting Cai,2025-11-07,10:38:00,-08:00,2025-11-07T10:38:00-08:00,0,56
projects/projects.js,12,js,d62164af,Dongting Cai,2025-11-07,10:38:00,-08:00,2025-11-07T10:38:00-08:00,0,65
projects/projects.js,13,js,d62164af,Dongting Cai,2025-11-07,10:38:00,-08:00,2025-11-07T10:38:00-08:00,0,0
projects/projects.js,14,js,d62164af,Dongting Cai,2025-11-07,10:38:00,-08:00,2025-11-07T10:38:00-08:00,0,40
projects/projects.js,15,js,d62164af,Dongting Cai,2025-11-07,10:38:00,-08:00,2025-11-07T10:38:00-08:00,0,42
projects/projects.js,16,js,d62164af,Dongting Cai,2025-11-07,10:38:00,-08:00,2025-11-07T10:38:00-08:00,0,34
projects/projects.js,17,js,d62164af,Dongting Cai,2025-11-07,10:38:00,-08:00,2025-11-07T10:38:00-08:00,0,0
projects/projects.js,18,js,d62164af,Dongting Cai,2025-11-07,10:38:00,-08:00,2025-11-07T10:38:00-08:00,0,49
projects/projects.js,19,js,d62164af,Dongting Cai,2025-11-07,10:38:00,-08:00,2025-11-07T10:38:00-08:00,0,59
projects/projects.js,20,js,d62164af,Dongting Cai,2025-11-07,10:38:00,-08:00,2025-11-07T10:38:00-08:00,0,50
projects/projects.js,21,js,d62164af,Dongting Cai,2025-11-07,10:38:00,-08:00,2025-11-07T10:38:00-08:00,0,0
projects/projects.js,22,js,d62164af,Dongting Cai,2025-11-07,10:38:00,-08:00,2025-11-07T10:38:00-08:00,0,21
projects/projects.js,23,js,d62164af,Dongting Cai,2025-11-07,10:38:00,-08:00,2025-11-07T10:38:00-08:00,0,13
projects/projects.js,24,js,d62164af,Dongting Cai,2025-11-07,10:38:00,-08:00,2025-11-07T10:38:00-08:00,0,41
projects/projects.js,25,js,d62164af,Dongting Cai,2025-11-07,10:38:00,-08:00,2025-11-07T10:38:00-08:00,0,19
projects/projects.js,26,js,d62164af,Dongting Cai,2025-11-07,10:38:00,-08:00,2025-11-07T10:38:00-08:00,0,0
projects/projects.js,27,js,d62164af,Dongting Cai,2025-11-07,10:38:00,-08:00,2025-11-07T10:38:00-08:00,0,55
projects/projects.js,28,js,d62164af,Dongting Cai,2025-11-07,10:38:00,-08:00,2025-11-07T10:38:00-08:00,0,52
projects/projects.js,29,js,d62164af,Dongting Cai,2025-11-07,10:38:00,-08:00,2025-11-07T10:38:00-08:00,0,0
projects/projects.js,30,js,d62164af,Dongting Cai,2025-11-07,10:38:00,-08:00,2025-11-07T10:38:00-08:00,0,29
projects/projects.js,31,js,d62164af,Dongting Cai,2025-11-07,10:38:00,-08:00,2025-11-07T10:38:00-08:00,0,23
projects/projects.js,32,js,d62164af,Dongting Cai,2025-11-07,10:38:00,-08:00,2025-11-07T10:38:00-08:00,1,36
projects/projects.js,33,js,d62164af,Dongting Cai,2025-11-07,10:38:00,-08:00,2025-11-07T10:38:00-08:00,1,29
projects/projects.js,34,js,d62164af,Dongting Cai,2025-11-07,10:38:00,-08:00,2025-11-07T10:38:00-08:00,2,51
projects/projects.js,35,js,d62164af,Dongting Cai,2025-11-07,10:38:00,-08:00,2025-11-07T10:38:00-08:00,1,0
projects/projects.js,36,js,d62164af,Dongting Cai,2025-11-07,10:38:00,-08:00,2025-11-07T10:38:00-08:00,1,73
projects/projects.js,37,js,d62164af,Dongting Cai,2025-11-07,10:38:00,-08:00,2025-11-07T10:38:00-08:00,1,10
projects/projects.js,38,js,d62164af,Dongting Cai,2025-11-07,10:38:00,-08:00,2025-11-07T10:38:00-08:00,0,0
projects/projects.js,39,js,d62164af,Dongting Cai,2025-11-07,10:38:00,-08:00,2025-11-07T10:38:00-08:00,0,25
projects/projects.js,40,js,d62164af,Dongting Cai,2025-11-07,10:38:00,-08:00,2025-11-07T10:38:00-08:00,1,26
projects/projects.js,41,js,d62164af,Dongting Cai,2025-11-07,10:38:00,-08:00,2025-11-07T10:38:00-08:00,2,94
projects/projects.js,42,js,d62164af,Dongting Cai,2025-11-07,10:38:00,-08:00,2025-11-07T10:38:00-08:00,1,24
projects/projects.js,43,js,d62164af,Dongting Cai,2025-11-07,10:38:00,-08:00,2025-11-07T10:38:00-08:00,2,74
projects/projects.js,44,js,d62164af,Dongting Cai,2025-11-07,10:38:00,-08:00,2025-11-07T10:38:00-08:00,1,17
projects/projects.js,45,js,d62164af,Dongting Cai,2025-11-07,10:38:00,-08:00,2025-11-07T10:38:00-08:00,2,64
projects/projects.js,46,js,d62164af,Dongting Cai,2025-11-07,10:38:00,-08:00,2025-11-07T10:38:00-08:00,1,6
projects/projects.js,47,js,d62164af,Dongting Cai,2025-11-07,10:38:00,-08:00,2025-11-07T10:38:00-08:00,2,22
projects/projects.js,48,js,d62164af,Dongting Cai,2025-11-07,10:38:00,-08:00,2025-11-07T10:38:00-08:00,1,0
projects/projects.js,49,js,d62164af,Dongting Cai,2025-11-07,10:38:00,-08:00,2025-11-07T10:38:00-08:00,0,0
projects/projects.js,50,js,d62164af,Dongting Cai,2025-11-07,10:38:00,-08:00,2025-11-07T10:38:00-08:00,0,26
projects/projects.js,51,js,d62164af,Dongting Cai,2025-11-07,10:38:00,-08:00,2025-11-07T10:38:00-08:00,1,53
projects/projects.js,52,js,d62164af,Dongting Cai,2025-11-07,10:38:00,-08:00,2025-11-07T10:38:00-08:00,1,16
projects/projects.js,53,js,d62164af,Dongting Cai,2025-11-07,10:38:00,-08:00,2025-11-07T10:38:00-08:00,0,0
projects/projects.js,54,js,d62164af,Dongting Cai,2025-11-07,10:38:00,-08:00,2025-11-07T10:38:00-08:00,0,22
projects/projects.js,55,js,d62164af,Dongting Cai,2025-11-07,10:38:00,-08:00,2025-11-07T10:38:00-08:00,1,28
projects/projects.js,56,js,d62164af,Dongting Cai,2025-11-07,10:38:00,-08:00,2025-11-07T10:38:00-08:00,1,25
projects/projects.js,57,js,d62164af,Dongting Cai,2025-11-07,10:38:00,-08:00,2025-11-07T10:38:00-08:00,2,61
projects/projects.js,58,js,d62164af,Dongting Cai,2025-11-07,10:38:00,-08:00,2025-11-07T10:38:00-08:00,2,62
projects/projects.js,59,js,d62164af,Dongting Cai,2025-11-07,10:38:00,-08:00,2025-11-07T10:38:00-08:00,1,20
projects/projects.js,60,js,d62164af,Dongting Cai,2025-11-07,10:38:00,-08:00,2025-11-07T10:38:00-08:00,2,56
projects/projects.js,61,js,d62164af,Dongting Cai,2025-11-07,10:38:00,-08:00,2025-11-07T10:38:00-08:00,2,57
projects/projects.js,62,js,d62164af,Dongting Cai,2025-11-07,10:38:00,-08:00,2025-11-07T10:38:00-08:00,0,0
projects/projects.js,63,js,d62164af,Dongting Cai,2025-11-07,10:38:00,-08:00,2025-11-07T10:38:00-08:00,0,0
projects/projects.js,64,js,d62164af,Dongting Cai,2025-11-07,10:38:00,-08:00,2025-11-07T10:38:00-08:00,0,39
projects/projects.js,65,js,d62164af,Dongting Cai,2025-11-07,10:38:00,-08:00,2025-11-07T10:38:00-08:00,0,33
projects/projects.js,66,js,d62164af,Dongting Cai,2025-11-07,10:38:00,-08:00,2025-11-07T10:38:00-08:00,1,64
projects/projects.js,67,js,d62164af,Dongting Cai,2025-11-07,10:38:00,-08:00,2025-11-07T10:38:00-08:00,9,42
projects/projects.js,68,js,d62164af,Dongting Cai,2025-11-07,10:38:00,-08:00,2025-11-07T10:38:00-08:00,1,82
projects/projects.js,69,js,d62164af,Dongting Cai,2025-11-07,10:38:00,-08:00,2025-11-07T10:38:00-08:00,1,32
projects/projects.js,70,js,d62164af,Dongting Cai,2025-11-07,10:38:00,-08:00,2025-11-07T10:38:00-08:00,0,0
projects/projects.js,71,js,d62164af,Dongting Cai,2025-11-07,10:38:00,-08:00,2025-11-07T10:38:00-08:00,1,7
projects/projects.js,72,js,d62164af,Dongting Cai,2025-11-07,10:38:00,-08:00,2025-11-07T10:38:00-08:00,1,25
projects/projects.js,73,js,d62164af,Dongting Cai,2025-11-07,10:38:00,-08:00,2025-11-07T10:38:00-08:00,2,28
projects/projects.js,74,js,d62164af,Dongting Cai,2025-11-07,10:38:00,-08:00,2025-11-07T10:38:00-08:00,2,4
projects/projects.js,75,js,d62164af,Dongting Cai,2025-11-07,10:38:00,-08:00,2025-11-07T10:38:00-08:00,3,27
projects/projects.js,76,js,d62164af,Dongting Cai,2025-11-07,10:38:00,-08:00,2025-11-07T10:38:00-08:00,4,21
projects/projects.js,77,js,d62164af,Dongting Cai,2025-11-07,10:38:00,-08:00,2025-11-07T10:38:00-08:00,4,22
projects/projects.js,78,js,d62164af,Dongting Cai,2025-11-07,10:38:00,-08:00,2025-11-07T10:38:00-08:00,4,32
projects/projects.js,79,js,d62164af,Dongting Cai,2025-11-07,10:38:00,-08:00,2025-11-07T10:38:00-08:00,4,71
projects/projects.js,80,js,d62164af,Dongting Cai,2025-11-07,10:38:00,-08:00,2025-11-07T10:38:00-08:00,4,59
projects/projects.js,81,js,d62164af,Dongting Cai,2025-11-07,10:38:00,-08:00,2025-11-07T10:38:00-08:00,4,47
projects/projects.js,82,js,d62164af,Dongting Cai,2025-11-07,10:38:00,-08:00,2025-11-07T10:38:00-08:00,3,15
projects/projects.js,83,js,d62164af,Dongting Cai,2025-11-07,10:38:00,-08:00,2025-11-07T10:38:00-08:00,3,19
projects/projects.js,84,js,d62164af,Dongting Cai,2025-11-07,10:38:00,-08:00,2025-11-07T10:38:00-08:00,2,0
projects/projects.js,85,js,d62164af,Dongting Cai,2025-11-07,10:38:00,-08:00,2025-11-07T10:38:00-08:00,2,32
projects/projects.js,86,js,d62164af,Dongting Cai,2025-11-07,10:38:00,-08:00,2025-11-07T10:38:00-08:00,2,22
projects/projects.js,87,js,d62164af,Dongting Cai,2025-11-07,10:38:00,-08:00,2025-11-07T10:38:00-08:00,2,53
projects/projects.js,88,js,d62164af,Dongting Cai,2025-11-07,10:38:00,-08:00,2025-11-07T10:38:00-08:00,0,0
projects/projects.js,89,js,d62164af,Dongting Cai,2025-11-07,10:38:00,-08:00,2025-11-07T10:38:00-08:00,1,7
projects/projects.js,90,js,d62164af,Dongting Cai,2025-11-07,10:38:00,-08:00,2025-11-07T10:38:00-08:00,1,20
projects/projects.js,91,js,d62164af,Dongting Cai,2025-11-07,10:38:00,-08:00,2025-11-07T10:38:00-08:00,2,23
projects/projects.js,92,js,d62164af,Dongting Cai,2025-11-07,10:38:00,-08:00,2025-11-07T10:38:00-08:00,2,4
projects/projects.js,93,js,d62164af,Dongting Cai,2025-11-07,10:38:00,-08:00,2025-11-07T10:38:00-08:00,3,25
projects/projects.js,94,js,d62164af,Dongting Cai,2025-11-07,10:38:00,-08:00,2025-11-07T10:38:00-08:00,4,46
projects/projects.js,95,js,d62164af,Dongting Cai,2025-11-07,10:38:00,-08:00,2025-11-07T10:38:00-08:00,4,20
projects/projects.js,96,js,d62164af,Dongting Cai,2025-11-07,10:38:00,-08:00,2025-11-07T10:38:00-08:00,4,21
projects/projects.js,97,js,d62164af,Dongting Cai,2025-11-07,10:38:00,-08:00,2025-11-07T10:38:00-08:00,4,73
projects/projects.js,98,js,d62164af,Dongting Cai,2025-11-07,10:38:00,-08:00,2025-11-07T10:38:00-08:00,4,66
projects/projects.js,99,js,d62164af,Dongting Cai,2025-11-07,10:38:00,-08:00,2025-11-07T10:38:00-08:00,4,59
projects/projects.js,100,js,d62164af,Dongting Cai,2025-11-07,10:38:00,-08:00,2025-11-07T10:38:00-08:00,4,41
projects/projects.js,101,js,d62164af,Dongting Cai,2025-11-07,10:38:00,-08:00,2025-11-07T10:38:00-08:00,4,24
projects/projects.js,102,js,d62164af,Dongting Cai,2025-11-07,10:38:00,-08:00,2025-11-07T10:38:00-08:00,5,82
projects/projects.js,103,js,d62164af,Dongting Cai,2025-11-07,10:38:00,-08:00,2025-11-07T10:38:00-08:00,4,1
projects/projects.js,104,js,d62164af,Dongting Cai,2025-11-07,10:38:00,-08:00,2025-11-07T10:38:00-08:00,3,90
projects/projects.js,105,js,d62164af,Dongting Cai,2025-11-07,10:38:00,-08:00,2025-11-07T10:38:00-08:00,3,19
projects/projects.js,106,js,d62164af,Dongting Cai,2025-11-07,10:38:00,-08:00,2025-11-07T10:38:00-08:00,2,0
projects/projects.js,107,js,d62164af,Dongting Cai,2025-11-07,10:38:00,-08:00,2025-11-07T10:38:00-08:00,2,48
projects/projects.js,108,js,d62164af,Dongting Cai,2025-11-07,10:38:00,-08:00,2025-11-07T10:38:00-08:00,0,0
projects/projects.js,109,js,d62164af,Dongting Cai,2025-11-07,10:38:00,-08:00,2025-11-07T10:38:00-08:00,1,12
projects/projects.js,110,js,d62164af,Dongting Cai,2025-11-07,10:38:00,-08:00,2025-11-07T10:38:00-08:00,0,0
projects/projects.js,111,js,d62164af,Dongting Cai,2025-11-07,10:38:00,-08:00,2025-11-07T10:38:00-08:00,0,0
projects/projects.js,112,js,d62164af,Dongting Cai,2025-11-07,10:38:00,-08:00,2025-11-07T10:38:00-08:00,0,15
projects/projects.js,113,js,d62164af,Dongting Cai,2025-11-07,10:38:00,-08:00,2025-11-07T10:38:00-08:00,0,26
projects/projects.js,114,js,d62164af,Dongting Cai,2025-11-07,10:38:00,-08:00,2025-11-07T10:38:00-08:00,1,26
projects/projects.js,115,js,d62164af,Dongting Cai,2025-11-07,10:38:00,-08:00,2025-11-07T10:38:00-08:00,1,36
projects/projects.js,116,js,d62164af,Dongting Cai,2025-11-07,10:38:00,-08:00,2025-11-07T10:38:00-08:00,1,16
projects/projects.js,117,js,d62164af,Dongting Cai,2025-11-07,10:38:00,-08:00,2025-11-07T10:38:00-08:00,1,15
projects/projects.js,118,js,d62164af,Dongting Cai,2025-11-07,10:38:00,-08:00,2025-11-07T10:38:00-08:00,0,0
projects/projects.js,119,js,d62164af,Dongting Cai,2025-11-07,10:38:00,-08:00,2025-11-07T10:38:00-08:00,0,0
projects/projects.js,120,js,d62164af,Dongting Cai,2025-11-07,10:38:00,-08:00,2025-11-07T10:38:00-08:00,0,14
projects/projects.js,121,js,d62164af,Dongting Cai,2025-11-07,10:38:00,-08:00,2025-11-07T10:38:00-08:00,0,16
projects/projects.js,122,js,d62164af,Dongting Cai,2025-11-07,10:38:00,-08:00,2025-11-07T10:38:00-08:00,1,44
projects/projects.js,123,js,d62164af,Dongting Cai,2025-11-07,10:38:00,-08:00,2025-11-07T10:38:00-08:00,2,36
projects/projects.js,124,js,d62164af,Dongting Cai,2025-11-07,10:38:00,-08:00,2025-11-07T10:38:00-08:00,2,16
projects/projects.js,125,js,d62164af,Dongting Cai,2025-11-07,10:38:00,-08:00,2025-11-07T10:38:00-08:00,1,1
projects/projects.js,126,js,d62164af,Dongting Cai,2025-11-07,10:38:00,-08:00,2025-11-07T10:38:00-08:00,0,0
projects/projects.js,127,js,d62164af,Dongting Cai,2025-11-07,10:38:00,-08:00,2025-11-07T10:38:00-08:00,0,0
projects/projects.js,128,js,d62164af,Dongting Cai,2025-11-07,10:38:00,-08:00,2025-11-07T10:38:00-08:00,0,15
projects/projects.js,129,js,d62164af,Dongting Cai,2025-11-07,10:38:00,-08:00,2025-11-07T10:38:00-08:00,0,16
projects/index.html,1,html,d62164af,Dongting Cai,2025-11-07,10:38:00,-08:00,2025-11-07T10:38:00-08:00,0,13
projects/index.html,2,html,d62164af,Dongting Cai,2025-11-07,10:38:00,-08:00,2025-11-07T10:38:00-08:00,0,14
projects/index.html,3,html,d62164af,Dongting Cai,2025-11-07,10:38:00,-08:00,2025-11-07T10:38:00-08:00,0,0
projects/index.html,4,html,d62164af,Dongting Cai,2025-11-07,10:38:00,-08:00,2025-11-07T10:38:00-08:00,0,4
projects/index.html,5,html,d62164af,Dongting Cai,2025-11-07,10:38:00,-08:00,2025-11-07T10:38:00-08:00,2,20
projects/index.html,6,html,d62164af,Dongting Cai,2025-11-07,10:38:00,-08:00,2025-11-07T10:38:00-08:00,2,21
projects/index.html,7,html,d62164af,Dongting Cai,2025-11-07,10:38:00,-08:00,2025-11-07T10:38:00-08:00,2,41
projects/index.html,8,html,d62164af,Dongting Cai,2025-11-07,10:38:00,-08:00,2025-11-07T10:38:00-08:00,0,5
projects/index.html,9,html,d62164af,Dongting Cai,2025-11-07,10:38:00,-08:00,2025-11-07T10:38:00-08:00,0,4
projects/index.html,10,html,d62164af,Dongting Cai,2025-11-07,10:38:00,-08:00,2025-11-07T10:38:00-08:00,2,4
projects/index.html,11,html,d62164af,Dongting Cai,2025-11-07,10:38:00,-08:00,2025-11-07T10:38:00-08:00,4,38
projects/index.html,12,html,d62164af,Dongting Cai,2025-11-07,10:38:00,-08:00,2025-11-07T10:38:00-08:00,0,0
projects/index.html,13,html,d62164af,Dongting Cai,2025-11-07,10:38:00,-08:00,2025-11-07T10:38:00-08:00,4,20
projects/index.html,14,html,d62164af,Dongting Cai,2025-11-07,10:38:00,-08:00,2025-11-07T10:38:00-08:00,6,19
projects/index.html,15,html,d62164af,Dongting Cai,2025-11-07,10:38:00,-08:00,2025-11-07T10:38:00-08:00,6,58
projects/index.html,16,html,d62164af,Dongting Cai,2025-11-07,10:38:00,-08:00,2025-11-07T10:38:00-08:00,0,0
projects/index.html,17,html,d62164af,Dongting Cai,2025-11-07,10:38:00,-08:00,2025-11-07T10:38:00-08:00,6,19
projects/index.html,18,html,d62164af,Dongting Cai,2025-11-07,10:38:00,-08:00,2025-11-07T10:38:00-08:00,6,22
projects/index.html,19,html,d62164af,Dongting Cai,2025-11-07,10:38:00,-08:00,2025-11-07T10:38:00-08:00,4,4
projects/index.html,20,html,d62164af,Dongting Cai,2025-11-07,10:38:00,-08:00,2025-11-07T10:38:00-08:00,0,0
projects/index.html,21,html,d62164af,Dongting Cai,2025-11-07,10:38:00,-08:00,2025-11-07T10:38:00-08:00,4,19
projects/index.html,22,html,d62164af,Dongting Cai,2025-11-07,10:38:00,-08:00,2025-11-07T10:38:00-08:00,4,4
projects/index.html,23,html,d62164af,Dongting Cai,2025-11-07,10:38:00,-08:00,2025-11-07T10:38:00-08:00,5,15
projects/index.html,24,html,d62164af,Dongting Cai,2025-11-07,10:38:00,-08:00,2025-11-07T10:38:00-08:00,5,11
projects/index.html,25,html,d62164af,Dongting Cai,2025-11-07,10:38:00,-08:00,2025-11-07T10:38:00-08:00,5,26
projects/index.html,26,html,d62164af,Dongting Cai,2025-11-07,10:38:00,-08:00,2025-11-07T10:38:00-08:00,5,32
projects/index.html,27,html,d62164af,Dongting Cai,2025-11-07,10:38:00,-08:00,2025-11-07T10:38:00-08:00,4,0
projects/index.html,28,html,d62164af,Dongting Cai,2025-11-07,10:38:00,-08:00,2025-11-07T10:38:00-08:00,4,44
projects/index.html,29,html,d62164af,Dongting Cai,2025-11-07,10:38:00,-08:00,2025-11-07T10:38:00-08:00,0,0
projects/index.html,30,html,d62164af,Dongting Cai,2025-11-07,10:38:00,-08:00,2025-11-07T10:38:00-08:00,0,0
projects/index.html,31,html,d62164af,Dongting Cai,2025-11-07,10:38:00,-08:00,2025-11-07T10:38:00-08:00,4,36
projects/index.html,32,html,d62164af,Dongting Cai,2025-11-07,10:38:00,-08:00,2025-11-07T10:38:00-08:00,4,26
projects/index.html,33,html,d62164af,Dongting Cai,2025-11-07,10:38:00,-08:00,2025-11-07T10:38:00-08:00,2,5
projects/index.html,34,html,d62164af,Dongting Cai,2025-11-07,10:38:00,-08:00,2025-11-07T10:38:00-08:00,0,0
projects/index.html,35,html,d62164af,Dongting Cai,2025-11-07,10:38:00,-08:00,2025-11-07T10:38:00-08:00,2,48
projects/index.html,36,html,d62164af,Dongting Cai,2025-11-07,10:38:00,-08:00,2025-11-07T10:38:00-08:00,2,49
projects/index.html,37,html,d62164af,Dongting Cai,2025-11-07,10:38:00,-08:00,2025-11-07T10:38:00-08:00,0,5
projects/index.html,38,html,d62164af,Dongting Cai,2025-11-07,10:38:00,-08:00,2025-11-07T10:38:00-08:00,0,5
meta/index.js,1,js,00000000,Not Committed Yet,2025-11-07,11:30:53,-08:00,2025-11-07T11:30:53-08:00,0,43
meta/index.js,2,js,00000000,Not Committed Yet,2025-11-07,11:30:53,-08:00,2025-11-07T11:30:53-08:00,0,35
meta/index.js,3,js,00000000,Not Committed Yet,2025-11-07,11:30:53,-08:00,2025-11-07T11:30:53-08:00,0,37
meta/index.html,1,html,00000000,Not Committed Yet,2025-11-07,11:30:53,-08:00,2025-11-07T11:30:53-08:00,0,13
meta/index.html,2,html,00000000,Not Committed Yet,2025-11-07,11:30:53,-08:00,2025-11-07T11:30:53-08:00,0,14
meta/index.html,3,html,00000000,Not Committed Yet,2025-11-07,11:30:53,-08:00,2025-11-07T11:30:53-08:00,1,4
meta/index.html,4,html,00000000,Not Committed Yet,2025-11-07,11:30:53,-08:00,2025-11-07T11:30:53-08:00,2,22
meta/index.html,5,html,00000000,Not Committed Yet,2025-11-07,11:30:53,-08:00,2025-11-07T11:30:53-08:00,2,28
meta/index.html,6,html,00000000,Not Committed Yet,2025-11-07,11:30:53,-08:00,2025-11-07T11:30:53-08:00,2,68
meta/index.html,7,html,00000000,Not Committed Yet,2025-11-07,11:30:53,-08:00,2025-11-07T11:30:53-08:00,2,43
meta/index.html,8,html,00000000,Not Committed Yet,2025-11-07,11:30:53,-08:00,2025-11-07T11:30:53-08:00,1,5
meta/index.html,9,html,00000000,Not Committed Yet,2025-11-07,11:30:53,-08:00,2025-11-07T11:30:53-08:00,1,4
meta/index.html,10,html,00000000,Not Committed Yet,2025-11-07,11:30:53,-08:00,2025-11-07T11:30:53-08:00,2,32
meta/index.html,11,html,00000000,Not Committed Yet,2025-11-07,11:30:53,-08:00,2025-11-07T11:30:53-08:00,0,0
meta/index.html,12,html,00000000,Not Committed Yet,2025-11-07,11:30:53,-08:00,2025-11-07T11:30:53-08:00,2,22
meta/index.html,13,html,00000000,Not Committed Yet,2025-11-07,11:30:53,-08:00,2025-11-07T11:30:53-08:00,3,22
meta/index.html,14,html,00000000,Not Committed Yet,2025-11-07,11:30:53,-08:00,2025-11-07T11:30:53-08:00,3,64
meta/index.html,15,html,00000000,Not Committed Yet,2025-11-07,11:30:53,-08:00,2025-11-07T11:30:53-08:00,0,0
meta/index.html,16,html,00000000,Not Committed Yet,2025-11-07,11:30:53,-08:00,2025-11-07T11:30:53-08:00,3,36
meta/index.html,17,html,00000000,Not Committed Yet,2025-11-07,11:30:53,-08:00,2025-11-07T11:30:53-08:00,3,20
meta/index.html,18,html,00000000,Not Committed Yet,2025-11-07,11:30:53,-08:00,2025-11-07T11:30:53-08:00,3,43
meta/index.html,19,html,00000000,Not Committed Yet,2025-11-07,11:30:53,-08:00,2025-11-07T11:30:53-08:00,3,21
meta/index.html,20,html,00000000,Not Committed Yet,2025-11-07,11:30:53,-08:00,2025-11-07T11:30:53-08:00,2,5
meta/index.html,21,html,00000000,Not Committed Yet,2025-11-07,11:30:53,-08:00,2025-11-07T11:30:53-08:00,0,0
meta/index.html,22,html,00000000,Not Committed Yet,2025-11-07,11:30:53,-08:00,2025-11-07T11:30:53-08:00,2,48
meta/index.html,23,html,00000000,Not Committed Yet,2025-11-07,11:30:53,-08:00,2025-11-07T11:30:53-08:00,2,45
meta/index.html,24,html,00000000,Not Committed Yet,2025-11-07,11:30:53,-08:00,2025-11-07T11:30:53-08:00,1,5
meta/index.html,25,html,00000000,Not Committed Yet,2025-11-07,11:30:53,-08:00,2025-11-07T11:30:53-08:00,0,5
contact/index.html,1,html,d62164af,Dongting Cai,2025-11-07,10:38:00,-08:00,2025-11-07T10:38:00-08:00,0,13
contact/index.html,2,html,d62164af,Dongting Cai,2025-11-07,10:38:00,-08:00,2025-11-07T10:38:00-08:00,0,14
contact/index.html,3,html,d62164af,Dongting Cai,2025-11-07,10:38:00,-08:00,2025-11-07T10:38:00-08:00,0,0
contact/index.html,4,html,d62164af,Dongting Cai,2025-11-07,10:38:00,-08:00,2025-11-07T10:38:00-08:00,0,4
contact/index.html,5,html,d62164af,Dongting Cai,2025-11-07,10:38:00,-08:00,2025-11-07T10:38:00-08:00,2,20
contact/index.html,6,html,d62164af,Dongting Cai,2025-11-07,10:38:00,-08:00,2025-11-07T10:38:00-08:00,2,20
contact/index.html,7,html,d62164af,Dongting Cai,2025-11-07,10:38:00,-08:00,2025-11-07T10:38:00-08:00,2,41
contact/index.html,8,html,d62164af,Dongting Cai,2025-11-07,10:38:00,-08:00,2025-11-07T10:38:00-08:00,0,5
contact/index.html,9,html,d62164af,Dongting Cai,2025-11-07,10:38:00,-08:00,2025-11-07T10:38:00-08:00,0,4
contact/index.html,10,html,d62164af,Dongting Cai,2025-11-07,10:38:00,-08:00,2025-11-07T10:38:00-08:00,2,14
contact/index.html,11,html,d62164af,Dongting Cai,2025-11-07,10:38:00,-08:00,2025-11-07T10:38:00-08:00,0,0
contact/index.html,12,html,d62164af,Dongting Cai,2025-11-07,10:38:00,-08:00,2025-11-07T10:38:00-08:00,2,48
contact/index.html,13,html,d62164af,Dongting Cai,2025-11-07,10:38:00,-08:00,2025-11-07T10:38:00-08:00,0,0
contact/index.html,14,html,d62164af,Dongting Cai,2025-11-07,10:38:00,-08:00,2025-11-07T10:38:00-08:00,4,5
contact/index.html,15,html,d62164af,Dongting Cai,2025-11-07,10:38:00,-08:00,2025-11-07T10:38:00-08:00,6,21
contact/index.html,16,html,d62164af,Dongting Cai,2025-11-07,10:38:00,-08:00,2025-11-07T10:38:00-08:00,6,61
contact/index.html,17,html,d62164af,Dongting Cai,2025-11-07,10:38:00,-08:00,2025-11-07T10:38:00-08:00,4,6
contact/index.html,18,html,d62164af,Dongting Cai,2025-11-07,10:38:00,-08:00,2025-11-07T10:38:00-08:00,0,0
contact/index.html,19,html,d62164af,Dongting Cai,2025-11-07,10:38:00,-08:00,2025-11-07T10:38:00-08:00,4,5
contact/index.html,20,html,d62164af,Dongting Cai,2025-11-07,10:38:00,-08:00,2025-11-07T10:38:00-08:00,6,18
contact/index.html,21,html,d62164af,Dongting Cai,2025-11-07,10:38:00,-08:00,2025-11-07T10:38:00-08:00,6,29
contact/index.html,22,html,d62164af,Dongting Cai,2025-11-07,10:38:00,-08:00,2025-11-07T10:38:00-08:00,4,6
contact/index.html,23,html,d62164af,Dongting Cai,2025-11-07,10:38:00,-08:00,2025-11-07T10:38:00-08:00,0,0
contact/index.html,24,html,d62164af,Dongting Cai,2025-11-07,10:38:00,-08:00,2025-11-07T10:38:00-08:00,4,5
contact/index.html,25,html,d62164af,Dongting Cai,2025-11-07,10:38:00,-08:00,2025-11-07T10:38:00-08:00,6,18
contact/index.html,26,html,d62164af,Dongting Cai,2025-11-07,10:38:00,-08:00,2025-11-07T10:38:00-08:00,6,49
contact/index.html,27,html,d62164af,Dongting Cai,2025-11-07,10:38:00,-08:00,2025-11-07T10:38:00-08:00,4,6
contact/index.html,28,html,d62164af,Dongting Cai,2025-11-07,10:38:00,-08:00,2025-11-07T10:38:00-08:00,0,0
contact/index.html,29,html,d62164af,Dongting Cai,2025-11-07,10:38:00,-08:00,2025-11-07T10:38:00-08:00,4,33
contact/index.html,30,html,d62164af,Dongting Cai,2025-11-07,10:38:00,-08:00,2025-11-07T10:38:00-08:00,2,5
contact/index.html,31,html,d62164af,Dongting Cai,2025-11-07,10:38:00,-08:00,2025-11-07T10:38:00-08:00,0,0
contact/index.html,32,html,d62164af,Dongting Cai,2025-11-07,10:38:00,-08:00,2025-11-07T10:38:00-08:00,2,48
contact/index.html,33,html,d62164af,Dongting Cai,2025-11-07,10:38:00,-08:00,2025-11-07T10:38:00-08:00,0,5
contact/index.html,34,html,d62164af,Dongting Cai,2025-11-07,10:38:00,-08:00,2025-11-07T10:38:00-08:00,0,5
